Spacious studio near Bastille,Entire home,€53,Alice Et Issam,(176 reviews),3.88,"['2 guests', 'Studio', '1 bed', '1 bath', '\U000f0004\n201 Reviews', '\U000f0019\nVerified']"
Two rooms 45 m2 with terrace.,Entire home,€79,Muriel,(331 reviews),4.82,"['4 guests', '1 bedroom', '3 beds', '1 bath', '\U000f0004\n363 Reviews', '\U000f1101\n1 Reference', '\U000f0019\nVerified']"
"Espace partagé, Shared space",Shared room in apartment,€17,Jonathan,(389 reviews),4.53,"['2 guests', '1 bedroom', '1 bed', '1 shared bath', '\U000f0004\n389 Reviews', '\U000f0019\nVerified']"
Family Room near Palais Royal & Louvre Museum,Room in boutique hotel,€131,Normandy Hôtel,,,"['4 guests', '2 bedrooms', '2 beds', '2 shared baths', '\U000f0004\n7 Reviews']"
Jolie chambre mansardée,Private room in apartment,€35,Thierry,(146 reviews),4.7,"['1 guest', '1 bedroom', '1 bed', '1 shared bath', '\U000f0004\n146 Reviews', '\U000f0019\nVerified']"
Amazing 4 Star**** Room PARIS near Eiffel Tower,Private room in apartment,,Roxane,(486 reviews),4.74,"['2 guests', '1 bedroom', '1 bed', '1 private bath', '\U000f0004\n486 Reviews', '\U000f0019\nVerified']"
Cozy apartment in Central Paris,Entire home,€92,Pelis,(22 reviews),4.55,"['3 guests', '1 bedroom', '2 beds', '1.5 baths', '\U000f0004\n22 Reviews', '\U000f0019\nVerified']"
Joli studio confortable proche de Porte d’Italie,Entire home,€26,Estelle,(5 reviews),5,"['2 guests', 'Studio', '1 bed', '1 bath', '\U000f0004\n10 Reviews', '\U000f0019\nVerified']"
Bedroom in the Haut Marais,Private room in apartment,€59,India,(184 reviews),4.87,"['2 guests', '1 bedroom', '1 bed', '1.5 shared baths', '\U000f0004\n209 Reviews', '\U000f0019\nVerified']"
"Coeur de Paris ,Marais, Chatelet",Entire home,€55,Cynthia,,,"['2 guests', 'Studio', '1 bed', '1 bath', '\U000f0004\n3,550 Reviews', '\U000f0019\nVerified']"
Parisian apartment: 10 min walk to Eiffel tower,Entire home,€110,Mario,(11 reviews),4.9,"['2 guests', '1 bedroom', '1 bed', '1 bath', '\U000f0004\n90 Reviews', '\U000f0019\nVerified']"
#Magnifique Loft Atelier Parisien 180m2.,Entire home,,Jean Jacques,(161 reviews),4.64,"['14 guests', '4 bedrooms', '8 beds', '3.5 baths', '\U000f0004\n348 Reviews', '\U000f0019\nVerified']"
70m2 appartment - 10 minutes to Paris central,Entire home,€109,Ha Phuong,(96 reviews),4.78,"['6 guests', '2 bedrooms', '3 beds', '1 bath', '\U000f0004\n98 Reviews', '\U000f0019\nVerified']"
"Charming 1900's Parisian Duplex, 3 bedrooms",Entire home,€129,Alejandra,(237 reviews),4.75,"['6 guests', '3 bedrooms', '5 beds', '1.5 baths', '\U000f0004\n529 Reviews', '\U000f0019\nVerified']"
"Quiet,stylish, safe, cozy apartment with elevator",Entire home,€150,Linda&Min,(3 reviews),5,"['4 guests', '1 bedroom', '2 beds', '1 bath', '\U000f0004\n36 Reviews', '\U000f0019\nVerified']"
❤️Amazing Loft - Between Bastille & Gare de Lyon,Entire home,€300,Raphael,(33 reviews),4.73,"['8 guests', '4 bedrooms', '4 beds', '2 baths', '\U000f0004\n451 Reviews', '\U000f1101\n4 References', '\U000f0019\nVerified']"
Champs Elysées 18th Parisian flat with 5 bedrooms,Entire home,€160,Edgar,,,"['9 guests', '6 bedrooms', '6 beds', '1.5 baths', '\U000f0004\n14 Reviews', '\U000f0019\nVerified']"
"Quiet,stylish, safe, cozy apartment with elevator",Entire home,€150,Linda&Min,(3 reviews),5,"['4 guests', '1 bedroom', '2 beds', '1 bath', '\U000f0004\n36 Reviews', '\U000f0019\nVerified']"
Fabulous family apartment in the centre of Paris!,Entire home,,Louise,(99 reviews),4.69,"['8 guests', '3 bedrooms', '4 beds', '1.5 baths', '\U000f0004\n2,374 Reviews', '\U000f0019\nVerified']"
CHARMING APART PARIS ST GERMAIN PRES MONTPARNASSE,Entire home,,Rosa,(80 reviews),4.71,"['8 guests', '4 bedrooms', '4 beds', '4 baths', '\U000f0004\n990 Reviews', '\U000f0019\nVerified']"
Gorgeous family apartment in heart of Paris!,Entire home,,Louise,(92 reviews),4.77,"['8 guests', '3 bedrooms', '4 beds', '1.5 baths', '\U000f0004\n2,374 Reviews', '\U000f0019\nVerified']"
VOLTAIRE SUPERBE APPARTEMENT CENTRE PARIS,Entire home,€198,Chloé,,,"['8 guests', '3 bedrooms', '4 beds', '1 bath', '\U000f0004\n2 Reviews']"
♥ Family apartment near La Défense - 10P,Entire home,€330,Charles,(53 reviews),4.83,"['10 guests', '4 bedrooms', '5 beds', '2 baths', '\U000f0004\n1,001 Reviews', '\U000f0019\nVerified']"
"Fully equipped, cozy apartment (1 metro to Paris)",Entire home,,Emeline Et Blaise,(22 reviews),4.95,"['2 guests', '1 bedroom', '1 bed', '1 bath', '\U000f0004\n22 Reviews', '\U000f0019\nVerified']"
A Journey Into The Heart Of Paris,Private room in apartment,€81,Mike,,,"['2 guests', 'Studio', '1 bed', '1 private bath', '\U000f0004\n794 Reviews', '\U000f0019\nVerified']"
A deux Pas de la Cathédrale Notre-Dame,Entire home,€500,Mathilde,(121 reviews),4.62,"['10 guests', '3 bedrooms', '5 beds', '2 baths', '\U000f0004\n3,217 Reviews', '\U000f0019\nVerified']"
Appartement de charme,Entire home,€45,Driss,(276 reviews),3.91,"['2 guests', 'Studio', '0 beds', '1 bath', '\U000f0004\n276 Reviews', '\U000f0019\nVerified']"
Lovely Studio Pigalle/Montmartre,Entire home,€90,Guepard,(353 reviews),4.82,"['3 guests', 'Studio', '2 beds', '1 bath', '\U000f0004\n508 Reviews', '\U000f0019\nVerified']"
Hotel Boronali *** - Double room in Montmartre,Room in boutique hotel,€99,Arthur,(297 reviews),4.46,"['2 guests', '1 bedroom', '1 bed', '1 bath', '\U000f0004\n493 Reviews', '\U000f0019\nVerified']"
Vivre sur l’eau au cœur de paris,Private room in boat,€100,Isabelle Et Aymeric,(121 reviews),4.87,"['4 guests', '1 bedroom', '3 beds', '1 private bath', '\U000f0004\n121 Reviews', '\U000f0019\nVerified']"
Heart of Montmartre Charming Design House,Entire home,€169,Simon,(87 reviews),4.77,"['5 guests', '2 bedrooms', '3 beds', '2 baths', '\U000f0004\n87 Reviews', '\U000f0019\nVerified']"
studio a 50 métre de Paris,Entire home,€29,Eric Paul,,,"['4 guests', 'Studio', '2 beds', '1 bath', '\U000f0004\n153 Reviews', '\U000f0019\nVerified']"
Montorgueil-Chatelet-Opéra center of Paris,Entire home,€175,Jean Manuel,(7 reviews),4.17,"['6 guests', '2 bedrooms', '3 beds', '1 bath', '\U000f0004\n558 Reviews', '\U000f0019\nVerified']"
Design flat next the Eiffel Tower,Entire home,€130,Nicolas,(581 reviews),4.7,"['4 guests', '1 bedroom', '2 beds', '1 bath', '\U000f0004\n2,660 Reviews', '\U000f0019\nVerified']"
Beautiful family apartment in the center of Paris,Entire home,,Louise,(237 reviews),4.61,"['10 guests', '4 bedrooms', '5 beds', '2.5 baths', '\U000f0004\n2,374 Reviews', '\U000f0019\nVerified']"
NEW! Central&Nice&Large flat 3 bedrooms + 2 bathr,Entire home,€430,Francois Olivier,(40 reviews),4.9,"['8 guests', '3 bedrooms', '3 beds', '2 baths', '\U000f0004\n40 Reviews', '\U000f0019\nVerified']"
"Paris 10, Sampaix, Gare de l'EST, Gare du NORD",Entire home,€185,Gary,(4 reviews),5,"['7 guests', '3 bedrooms', '4 beds', '1 bath', '\U000f0004\n8 Reviews', '\U000f0019\nVerified']"
Paris 14e : chambre à louer pour deux,Private room in apartment,,Frederic,(3 reviews),4.67,"['2 guests', '1 bedroom', '1 bed', '1 shared bath', '\U000f0004\n3 Reviews', '\U000f0019\nVerified']"
Paris centre île st Louis,Entire home,€289,Damien,(44 reviews),4.66,"['5 guests', '2 bedrooms', '2 beds', '1 bath', '\U000f0004\n48 Reviews', '\U000f0019\nVerified']"
SPACIOUS FLAT 6/8P NEAR GRANDS BOULEVARDS,Entire home,€309,Fabienne,(11 reviews),4.18,"['8 guests', '4 bedrooms', '4 beds', '2.5 baths', '\U000f0004\n11 Reviews', '\U000f0019\nVerified']"
Suite Romantique au Pied du Louvre et desTuileries,Entire home,€182,Christophe,(57 reviews),4.86,"['2 guests', 'Studio', '1 bed', '1 bath', '\U000f0004\n230 Reviews', '\U000f0019\nVerified']"
Astr’s Suite Paris,Room in boutique hotel,€88,Astrid,,,"['2 guests', '1 bedroom', '0 beds', '1 private bath', '\U000f0004\n65 Reviews', '\U000f0019\nVerified']"
Very Nice & Comfy Flat Eiffel Tower,Entire home,€130,Nicolas,(563 reviews),4.71,"['4 guests', '1 bedroom', '2 beds', '1 bath', '\U000f0004\n2,660 Reviews', '\U000f0019\nVerified']"
BEAUTIFUL LITTLE ROOM 9QM (9M2) NEAR EIFFELTOWER,Entire home,€30,Xavier,,,"['3 guests', 'Studio', '3 beds', '1.5 baths', '\U000f0004\n42 Reviews']"
Rustic styled bedroom (17m2) in Canal St Martin,Private room in apartment,€58,Blaise,(23 reviews),5,"['2 guests', '1 bedroom', '1 bed', '1.5 shared baths', '\U000f0004\n362 Reviews', '\U000f1101\n1 Reference', '\U000f0019\nVerified']"
small maid's room,Private room in apartment,€45,Aurélia,(361 reviews),4.46,"['1 guest', '1 bedroom', '1 bed', '1 private bath', '\U000f0004\n671 Reviews', '\U000f0019\nVerified']"
Beautiful Room in Quartier Latin,Private room in apartment,€54,Grégoire,(387 reviews),4.67,"['1 guest', '1 bedroom', '1 bed', '1 shared bath', '\U000f0004\n422 Reviews', '\U000f0019\nVerified']"
"AMAZING FLAT STYLE LOFT (old workshop), LOUVRE",Entire home,€230,Anna,(67 reviews),4.91,"['4 guests', '1 bedroom', '2 beds', '1 bath', '\U000f0004\n67 Reviews', '\U000f0019\nVerified']"
Appartement au pied de Saint-Lazare / Opera,Entire home,€155,Clara,(7 reviews),5,"['4 guests', '1 bedroom', '2 beds', '1 bath', '\U000f0004\n7 Reviews', '\U000f0019\nVerified']"
"quartier Latin, Cathédrale Notre-Dame",Entire home,€500,Mathilde,(166 reviews),4.41,"['12 guests', '4 bedrooms', '7 beds', '2 baths', '\U000f0004\n3,217 Reviews', '\U000f0019\nVerified']"
Heart of Grand Méricourt (NEW),Entire home,€184,Ari,(9 reviews),4.89,"['6 guests', '2 bedrooms', '3 beds', '1 bath', '\U000f0004\n1,392 Reviews', '\U000f0019\nVerified']"
Charming Studio in historical building for 3,Entire home,€109,Michel,(46 reviews),4.91,"['3 guests', 'Studio', '2 beds', '1 bath', '\U000f0004\n87 Reviews', '\U000f0019\nVerified']"
Deux-pièces tout confort près Canal Saint-Martin,Entire home,€92,Jean-Jacques,(3 reviews),5,"['4 guests', '2 bedrooms', '2 beds', '1 bath', '\U000f0004\n29 Reviews', '\U000f0019\nVerified']"
Bright room at the gates of Paris (8 min to metro),Private room in apartment,€38,Paul,(6 reviews),5,"['2 guests', '1 bedroom', '1 bed', '1 shared bath', '\U000f0004\n6 Reviews', '\U000f0019\nVerified']"
Stylish Haussmann Apartment - Paris Centre,Entire home,€550,Louise,(138 reviews),4.61,"['12 guests', '4 bedrooms', '8 beds', '2.5 baths', '\U000f0004\n2,374 Reviews', '\U000f0019\nVerified']"
Spacious Flat In Heart Of Paris In Gorgeous Marais,Entire home,€149,Julie,(3 reviews),2,"['4 guests', '1 bedroom', '2 beds', '1 bath', '\U000f0004\n3 Reviews']"
LUXURY LOFT STUDIO IN THE HEART OF LE MARAIS 4PERS,Entire home,€125,Diane & Déborah,(200 reviews),4.6,"['4 guests', '1 bedroom', '2 beds', '1.5 baths', '\U000f0004\n1,213 Reviews', '\U000f0019\nVerified']"
Cozy Studio Notre-Dame/Saint-Germain/Saint Michel,Entire home,€109,Sharon,(15 reviews),4.87,"['2 guests', '1 bedroom', '1 bed', '1 bath', '\U000f0004\n15 Reviews', '\U000f0019\nVerified']"
Sublime chambre avec merveilleuse vue panoramique,Room in boutique hotel,€326,Julia,(22 reviews),4.95,"['2 guests', '1 bedroom', '1 bed', '1 bath', '\U000f0004\n28 Reviews', '\U000f0019\nVerified']"
Appartement 80m2souplex composé au rez-de-chaussée,Entire home,€230,Alex,(104 reviews),4.53,"['8 guests', '3 bedrooms', '3 beds', '3 baths', '\U000f0004\n245 Reviews', '\U000f0019\nVerified']"
Devant la Tour Eiffel  et les commerces,Entire home,€500,Mathilde,(14 reviews),4.5,"['12 guests', '3 bedrooms', '4 beds', '1 bath', '\U000f0004\n3,217 Reviews', '\U000f0019\nVerified']"
1Bedroom 10min from the Eiffel Tower,Entire home,€190,Vincent,(403 reviews),4.89,"['5 guests', '1 bedroom', '2 beds', '1 bath', '\U000f0004\n561 Reviews', '\U000f0019\nVerified']"
Amazing flat in Le Marais-Bastille,Entire home,€200,Sci,(156 reviews),4.45,"['8 guests', '4 bedrooms', '5 beds', '1 bath', '\U000f0004\n157 Reviews', '\U000f0019\nVerified']"
Superbe Atelier au cœur d’Alésia ***,Entire home,€89,Jérémy,(22 reviews),4.91,"['4 guests', 'Studio', '2 beds', '1 bath', '\U000f0004\n22 Reviews', '\U000f0019\nVerified']"
Sweet & cosy room next to Canal Saint Martin ❤️,Room in hotel,€140,Alexandra,(825 reviews),4.68,"['2 guests', '1 bedroom', '1 bed', '1 bath', '\U000f0004\n1,015 Reviews', '\U000f0019\nVerified']"
appartement style loft en rdc,Entire home,€80,Frederic,(55 reviews),4.76,"['2 guests', '1 bedroom', '1 bed', '1.5 baths', '\U000f0004\n56 Reviews']"
Saint Germain - Sorbonne,Entire home,€390,Thierry,(164 reviews),4.78,"['6 guests', '2 bedrooms', '3 beds', '1 bath', '\U000f0004\n1,396 Reviews', '\U000f0019\nVerified']"
Two Rooms perfect for families,Room in boutique hotel,€270,Hôtel Brady - Gare De L'Est,,,"['4 guests', '2 bedrooms', '2 beds', '2 baths', '\U000f0004\n7 Reviews']"
BEAUTIFUL 3ROOMS BETWEEN TROCADERO & CHAMPS ELYSÉE,Entire home,€349,Igal & Deborah,(24 reviews),4.67,"['4 guests', '2 bedrooms', '2 beds', '1 bath', '\U000f0004\n141 Reviews', '\U000f0019\nVerified']"
loft 122 m2,Entire home,€250,Stephane,(29 reviews),4.69,"['8 guests', '3 bedrooms', '4 beds', '1 bath', '\U000f0004\n29 Reviews', '\U000f0019\nVerified']"
♥ Magnificent apartment near Vilette Ourcq - 10P,Entire home,€390,Charles,(11 reviews),5,"['10 guests', '3 bedrooms', '5 beds', '2 baths', '\U000f0004\n1,001 Reviews', '\U000f0019\nVerified']"
Centre paris,Entire home,€193,Anna,(4 reviews),4.75,"['8 guests', '2 bedrooms', '4 beds', '1 bath', '\U000f0004\n4 Reviews']"
5th Heaven: Haussmanian Paris Outside Your Door,Entire home,€199,Charlotte,(19 reviews),3.79,"['6 guests', '2 bedrooms', '3 beds', '1 bath', '\U000f0004\n19 Reviews']"
"Paris 16, Trocadéro",Private room in condominium,€70,Christophe,(163 reviews),4.85,"['2 guests', '1 bedroom', '2 beds', '1 shared bath', '\U000f0004\n164 Reviews', '\U000f0019\nVerified']"
Central & Stylish Parisian apartment / 6-8 guests,Entire home,,Jonathan,(75 reviews),4.67,"['8 guests', '3 bedrooms', '6 beds', '2 baths', '\U000f0004\n75 Reviews', '\U000f0019\nVerified']"
Very nice flat with terrace Malakoff metro station,Entire home,€89,Mikaela,,,"['6 guests', '2 bedrooms', '3 beds', '1 bath', '\U000f0019\nVerified']"
Sublime and new apartment center of Paris,Entire home,€252,Michael & Johanna,(32 reviews),4.38,"['6 guests', '2 bedrooms', '3 beds', '1 bath', '\U000f0004\n5,963 Reviews', '\U000f0019\nVerified']"
Room - Charming apartment Latin Quarter,Private room in apartment,€58,Claire,(283 reviews),4.63,"['2 guests', '1 bedroom', '1 bed', '1.5 shared baths', '\U000f0004\n323 Reviews', '\U000f0019\nVerified']"
Heart of Moulin Rouge,Entire home,€223,Ari,(38 reviews),4.55,"['6 guests', '2 bedrooms', '3 beds', '2 baths', '\U000f0004\n1,392 Reviews', '\U000f0019\nVerified']"
"Cosy home, 2 bathrooms, close to the Eiffel Tower",Entire home,€190,Vincent,(67 reviews),4.91,"['4 guests', '1 bedroom', '2 beds', '2 baths', '\U000f0004\n561 Reviews', '\U000f0019\nVerified']"
LOVELY APPARTMENT LAFAYETTE - 5P,Entire home,€185,Clara,(19 reviews),4.53,"['5 guests', '1 bedroom', '3 beds', '1 bath', '\U000f0004\n1,358 Reviews', '\U000f0019\nVerified']"
Prestigious Flat Near Palais Royal & Louvre For 2 !,Entire home,€99,John,,,"['2 guests', '1 bedroom', '1 bed', '1 bath']"
La maison du palefrenier,Entire home,,Emilie,(54 reviews),4.94,"['4 guests', '2 bedrooms', '2 beds', '2 baths', '\U000f0004\n54 Reviews', '\U000f0019\nVerified']"
room 50 sqm opéra madeleine Vendôme place,Private room in apartment,€84,Marc,,,"['2 guests', '1 bedroom', '1 bed', '1 private bath', '\U000f0004\n1,139 Reviews', '\U000f0019\nVerified']"
VIEW EIFFEL TOWER / 1MN BY WALK TO EIFFEL TOWER,Entire home,€140,Andrea,(44 reviews),4.27,"['4 guests', '1 bedroom', '2 beds', '1 bath', '\U000f0004\n65 Reviews', '\U000f0019\nVerified']"
Chambre au calme à Paris,Private room in apartment,€27,Renaudon,(151 reviews),4.68,"['1 guest', 'Studio', '1 bed', '1 shared bath', '\U000f0004\n155 Reviews', '\U000f0019\nVerified']"
STUDIO 15ième,Entire home,,Ananda,(5 reviews),4.6,"['4 guests', 'Studio', '2 beds', '1 bath', '\U000f0004\n34 Reviews']"
"Appartement Cosy, parking gratuit protégé, Paris",Entire home,€149,Anne Et Frédéric,(222 reviews),4.69,"['6 guests', '2 bedrooms', '3 beds', '1 bath', '\U000f0004\n222 Reviews', '\U000f0019\nVerified']"
appartement cosy de 42m2 proche Paris,Entire home,€80,Laho,(160 reviews),4.91,"['4 guests', '1 bedroom', '2 beds', '1 bath', '\U000f0004\n284 Reviews', '\U000f0019\nVerified']"
Lovely Marais,Private room in apartment,,Chris / Victoria,(55 reviews),4.71,"['1 guest', 'Studio', '1 bed', '1 private bath', '\U000f0004\n55 Reviews', '\U000f0019\nVerified']"
Chambre calme dans un logement neuf,Private room in condominium,€27,Ludivine,(10 reviews),4.9,"['1 guest', '1 bedroom', '1 bed', '1 shared bath', '\U000f0004\n10 Reviews', '\U000f0019\nVerified']"
"Hippodrome d’Auteuil , Penthouse, Luxe",Entire home,€169,Lucy,(4 reviews),3.67,"['4 guests', '1 bedroom', '4 beds', '1 bath', '\U000f0004\n4 Reviews', '\U000f0019\nVerified']"
Private suite for 2,Private room in apartment,€60,Berenice,(340 reviews),4.79,"['2 guests', '1 bedroom', '1 bed', '1 private bath', '\U000f0004\n340 Reviews', '\U000f0019\nVerified']"
Cosy Room Paris Center in the Marais,Private room in apartment,€86,Franck,(349 reviews),4.84,"['2 guests', '1 bedroom', '1 bed', '1.5 baths', '\U000f0004\n349 Reviews', '\U000f1101\n4 References', '\U000f0019\nVerified']"
Un charmant appartement dans Paris,Entire home,€146,Virginie,(8 reviews),4.88,"['4 guests', '2 bedrooms', '3 beds', '1 bath', '\U000f0004\n8 Reviews']"
Exceptional Place in the center of Marais,Entire home,€324,Stanley,(16 reviews),4.56,"['4 guests', '2 bedrooms', '3 beds', '1 bath', '\U000f0004\n5,746 Reviews', '\U000f0019\nVerified']"
MARAIS - REPUBLIQUE- 6 PEOPLE,Entire home,€299,Clara,(100 reviews),4.14,"['6 guests', '2 bedrooms', '3 beds', '2 baths', '\U000f0004\n1,358 Reviews', '\U000f0019\nVerified']"
"Beatiful Flat Next Eiffel Tower, Champs Elysées",Entire home,€110,Benjamin,(70 reviews),4.51,"['2 guests', '1 bedroom', '1 bed', '1 bath', '\U000f0004\n303 Reviews', '\U000f0019\nVerified']"
COSY FLAT IN THE HEART OF LE MARAIS–POMPIDOU AREA,Entire home,,Nathalie,(3 reviews),4.67,"['4 guests', '1 bedroom', '2 beds', '1 bath', '\U000f0004\n1,556 Reviews', '\U000f0019\nVerified']"
Studio girly à partager a Paris,Shared room in apartment,€20,Romane,(52 reviews),4.57,"['1 guest', '1 bedroom', '2 beds', '1 shared bath', '\U000f0004\n59 Reviews', '\U000f0019\nVerified']"
Home sweet home in Montmartre,Entire home,€138,Elodie & Franck,(105 reviews),4.28,"['8 guests', '1 bedroom', '6 beds', '1 bath', '\U000f0004\n114 Reviews', '\U000f0019\nVerified']"
HOTEL RICHMOND GARE DU NORD,Private room,€55,Hotel,(191 reviews),4.08,"['2 guests', '1 bedroom', '1 bed', '1 private bath', '\U000f0004\n378 Reviews', '\U000f0019\nVerified']"
The Trocadero - 350m2 - 6 rooms - full equiped!,Entire home,"€1,000",David,(3 reviews),5,"['12 guests', '6 bedrooms', '10 beds', '5 baths', '\U000f0004\n19 Reviews', '\U000f0019\nVerified']"
Appartement Cosy Parisien,Entire home,€90,Jovic,(85 reviews),4.88,"['3 guests', '1 bedroom', '2 beds', '1 bath', '\U000f0004\n85 Reviews', '\U000f0019\nVerified']"
Rooms middle of Saint-Germain des Prés in Paris,Room in boutique hotel,,Xavier,(171 reviews),4.51,"['16+ guests', '50 bedrooms', '16 beds', '50 baths', '\U000f0004\n3,822 Reviews', '\U000f0019\nVerified']"
"Jolie Appartement, avec vue sur la tour Eiffel",Entire home,€84,Mohamed,(91 reviews),4.87,"['2 guests', '1 bedroom', '1 bed', '1 bath', '\U000f0004\n188 Reviews', '\U000f0019\nVerified']"
Nice flat very close Métro 7 and Paris,Entire home,€66,Daniela,(52 reviews),4.9,"['3 guests', 'Studio', '2 beds', '1 bath', '\U000f0004\n359 Reviews', '\U000f0019\nVerified']"
NICE & COSY A FEW MINUTES FROM TROCADERO 4P,Entire home,€369,Igal & Deborah,(33 reviews),4.73,"['4 guests', '2 bedrooms', '2 beds', '1 bath', '\U000f0004\n141 Reviews', '\U000f0019\nVerified']"
A lovely Studio in a historical building for 3,Entire home,€113,Michel,(41 reviews),4.8,"['3 guests', 'Studio', '2 beds', '1 bath', '\U000f0004\n87 Reviews', '\U000f0019\nVerified']"
Lovely paris appartement with 2big room near metro,Entire home,€73,Tian,,,"['4 guests', '2 bedrooms', '2 beds', '1 bath', '\U000f0019\nVerified']"
Chambre privée en plein centre de Paris,Private room in apartment,€40,Sonny,(124 reviews),4.31,"['2 guests', '1 bedroom', '1 bed', '1 shared bath', '\U000f0004\n124 Reviews']"
❤️Charming & Design House - 5min Opera & Louvre,Entire home,€250,Raphael,(89 reviews),4.64,"['6 guests', '2 bedrooms', '3 beds', '2 baths', '\U000f0004\n451 Reviews', '\U000f1101\n4 References', '\U000f0019\nVerified']"
Liege Garden Studio,Room in boutique hotel,€130,Maria,,,"['2 guests', 'Studio', '1 bed', '1 private bath', '\U000f0004\n17 Reviews', '\U000f0019\nVerified']"
Newly renovated apartment ARC DE TRIOMPHE,Entire home,,Benoit,(5 reviews),5,"['3 guests', 'Studio', '2 beds', '1 bath', '\U000f0004\n5 Reviews', '\U000f0019\nVerified']"
Modern/New Apartment in Central Paris,Entire home,€105,小天,(9 reviews),4.56,"['3 guests', '1 bedroom', '2 beds', '1 bath', '\U000f0004\n9 Reviews', '\U000f0019\nVerified']"
T/ 4P IDEAL LOCATION IN FRONT OF ARC DE TRIOMPHE,Entire home,€299,Yi & Deborah,(29 reviews),4.45,"['4 guests', '2 bedrooms', '2 beds', '1 bath', '\U000f0004\n68 Reviews', '\U000f0019\nVerified']"
A bedroom near the Eiffel Tower.,Private room in apartment,€55,Laure,(320 reviews),4.61,"['2 guests', '1 bedroom', '2 beds', '1 shared bath', '\U000f0004\n320 Reviews', '\U000f0019\nVerified']"
Chambre Simple - Salle de bains commune,Room in hotel,€48,Jofre,(28 reviews),4.68,"['1 guest', '1 bedroom', '1 bed', '0 shared baths', '\U000f0004\n35 Reviews', '\U000f0019\nVerified']"
La Louisiane the heart of Saint-Germain des Prés,Room in boutique hotel,,Xavier,(124 reviews),4.59,"['16+ guests', '50 bedrooms', '50 beds', '50 baths', '\U000f0004\n3,822 Reviews', '\U000f0019\nVerified']"
Beautiful Room 5mn Charles de Gaulle Airport,Private room in house,€42,Elsa,(18 reviews),4.94,"['2 guests', '1 bedroom', '1 bed', '1 private bath', '\U000f0004\n148 Reviews', '\U000f0019\nVerified']"
Lovely Quiet ROOM Gare de l'Est + Nord - NO LIFT!,Private room in apartment,€55,Dominique,(208 reviews),4.83,"['1 guest', '1 bedroom', '1 bed', '1 shared bath', '\U000f0004\n245 Reviews', '\U000f0019\nVerified']"
deux pas du parc des princes,Private room in apartment,,Al,(9 reviews),4.56,"['2 guests', '1 bedroom', '1 bed', '1 shared bath', '\U000f0004\n10 Reviews']"
Cosy loft / apartment ~ Ile Saint Louis,Entire home,€150,Lionel,(313 reviews),4.08,"['5 guests', '2 bedrooms', '3 beds', '1 bath', '\U000f0004\n1,314 Reviews', '\U000f0019\nVerified']"
"LOFT à Tremblay en France, Villepinte - Roissy",Entire home,€226,Gary,,,"['10 guests', '2 bedrooms', '7 beds', '1 bath', '\U000f0004\n8 Reviews', '\U000f0019\nVerified']"
Nice appartment on an island (bed & breakfast),Private room in bed and breakfast,€100,Jérémy,(455 reviews),4.62,"['2 guests', '1 bedroom', '1 bed', '1 shared bath', '\U000f0004\n455 Reviews', '\U000f0019\nVerified']"
"L’appartement aux miroirs, quartier Belleville",Entire home,€400,Mathilde,(26 reviews),4.19,"['12 guests', '3 bedrooms', '6 beds', '2 baths', '\U000f0004\n3,217 Reviews', '\U000f0019\nVerified']"
Chambre sympa et chaleureuse à Paris,Private room in apartment,€50,Maryam,(212 reviews),4.91,"['1 guest', '1 bedroom', '0 beds', '1 shared bath', '\U000f0004\n212 Reviews']"
Amazing apartment - 6P/2BR - Canal Saint Martin -4,Entire home,€362,Jo & Lola,(8 reviews),4.75,"['6 guests', '2 bedrooms', '3 beds', '2 baths', '\U000f0004\n29 Reviews', '\U000f0019\nVerified']"
Très jolie chambre avec parquet à 5min de Paris,Private room in apartment,€39,Marie,,,"['3 guests', '1 bedroom', '2 beds', '1 shared bath', '\U000f0019\nVerified']"
"2' from subway, friendly host, breakfast inc",Shared room in apartment,€45,Carla.,(80 reviews),4.81,"['1 guest', '1 bedroom', '1 bed', '1 shared bath', '\U000f0004\n178 Reviews', '\U000f0019\nVerified']"
"Beautiful, modern and spacious apartment",Entire home,€226,Joseph,(100 reviews),4.74,"['6 guests', '2 bedrooms', '2 beds', '1 bath', '\U000f0004\n165 Reviews']"
Rooms heart of Saint-Germain des Prés Paris,Room in boutique hotel,,Xavier,(199 reviews),4.54,"['16+ guests', '50 bedrooms', '17 beds', '50 baths', '\U000f0004\n3,822 Reviews', '\U000f0019\nVerified']"
Saint-Honoré Luxury Apartment 3 Bedrooms,Entire home,€500,Ilan,(70 reviews),4.83,"['6 guests', '3 bedrooms', '3 beds', '2.5 baths', '\U000f0004\n70 Reviews', '\U000f0019\nVerified']"
"Double room 2, 3 or 4 beds, Saint-Germain des Prés",Room in boutique hotel,,Xavier,(102 reviews),4.48,"['3 guests', '2 bedrooms', '3 beds', '1.5 baths', '\U000f0004\n3,822 Reviews', '\U000f0019\nVerified']"
AMAZING LITTLE HOUSE 5MIN FROM EIFFEL TOWER,Entire home,€169,Michel & Diane,(169 reviews),4.7,"['4 guests', '1 bedroom', '1 bed', '1.5 baths', '\U000f0004\n337 Reviews', '\U000f0019\nVerified']"
AMAZING DUPLEX IN THE HEART OF MONTMARTRE 4/6P,Entire home,€359,Diane & Déborah,(88 reviews),4.72,"['6 guests', '2 bedrooms', '3 beds', '2 baths', '\U000f0004\n1,213 Reviews', '\U000f0019\nVerified']"
Chambre privée cosy sur cour 11e (girls only),Private room in apartment,€50,Claire,(11 reviews),5,"['1 guest', '1 bedroom', '1 bed', '1 shared bath', '\U000f0004\n11 Reviews', '\U000f0019\nVerified']"
♥ Charmant Appartement proche Opéra/Garnier - 6P,Entire home,€180,Charles,,,"['6 guests', '1 bedroom', '3 beds', '1.5 baths', '\U000f0004\n1,001 Reviews', '\U000f0019\nVerified']"
Chambre indépendante à deux pas du Château,Private room in house,€55,Béatrice,(183 reviews),4.77,"['2 guests', '1 bedroom', '1 bed', '1 private bath', '\U000f0004\n183 Reviews', '\U000f0019\nVerified']"
Wonderful and Cosy - Heart of Paris / Oberkampf,Entire home,€90,Alexandre,(20 reviews),4.5,"['4 guests', 'Studio', '2 beds', '1 bath', '\U000f0004\n20 Reviews', '\U000f0019\nVerified']"
top suite B&B Paris Bruno&Bastille,Private room in bed and breakfast,€115,Bruno,(108 reviews),4.91,"['2 guests', '1 bedroom', '1 bed', '1 private bath', '\U000f0004\n110 Reviews', '\U000f1101\n9 References', '\U000f0019\nVerified']"
Paris-Rosny s/bois-Privatna soba-Potkrovlje,Private room in townhouse,€17,Vojislav,(87 reviews),4.5,"['2 guests', '1 bedroom', '1 bed', '1.5 shared baths', '\U000f0004\n231 Reviews', '\U000f0019\nVerified']"
Cosy Nest on Eiffel Tower,Entire home,€79,Ludo,(6 reviews),4.33,"['2 guests', 'Studio', '1 bed', '1 bath', '\U000f0004\n6 Reviews', '\U000f0019\nVerified']"
Elégant appartement (Meilleur quartier de Paris),Entire home,,Hakim,,,"['4 guests', '2 bedrooms', '3 beds', '1 bath', '\U000f0004\n2 Reviews', '\U000f0019\nVerified']"
Small Luxurious Room in the heart of Saint Germain,Entire home,€65,Fosca,(218 reviews),4.27,"['1 guest', '1 bedroom', '1 bed', '1 bath', '\U000f0004\n225 Reviews', '\U000f0019\nVerified']"
Lanneau12,Private room in apartment,€65,Myriam,(194 reviews),4.42,"['1 guest', '1 bedroom', '1 bed', '1 shared bath', '\U000f0004\n194 Reviews', '\U000f0019\nVerified']"
Elegant Suite in the heart of Paris,Private room in apartment,€130,César,(52 reviews),4.77,"['4 guests', '1 bedroom', '2 beds', '1 shared bath', '\U000f0004\n394 Reviews', '\U000f0019\nVerified']"
Bel appartement avec terrasse proche de Gambetta,Entire home,€85,Philippe,(38 reviews),4.97,"['3 guests', '1 bedroom', '2 beds', '1 bath', '\U000f0004\n49 Reviews', '\U000f0019\nVerified']"
Studio (full)- 5 min walk from Eiffel Tower,Private room in apartment,€125,Vinay,(10 reviews),5,"['4 guests', 'Studio', '3 beds', '1 private bath', '\U000f0004\n43 Reviews', '\U000f0019\nVerified']"
Appartement pour 6 personnes#Porte de Versailles,Entire home,€125,Imane,(14 reviews),4.64,"['6 guests', '2 bedrooms', '2 beds', '1 bath', '\U000f0004\n297 Reviews', '\U000f0019\nVerified']"
Luxury Flat EIFFEL tower & River Seine,Entire home,€500,Emmanuelle,(266 reviews),4.72,"['6 guests', '3 bedrooms', '4 beds', '1 bath', '\U000f0004\n340 Reviews', '\U000f0019\nVerified']"
BATIGNOLLES Charming and Cozy Appartment for 8p,Entire home,€350,Misha,(15 reviews),4.93,"['8 guests', '2 bedrooms', '2 beds', '1 bath', '\U000f0004\n212 Reviews', '\U000f0019\nVerified']"
Chic appart. proche Paris et Stade de France,Entire home,€57,Daniela,(104 reviews),4.88,"['3 guests', '1 bedroom', '2 beds', '1.5 baths', '\U000f0004\n359 Reviews', '\U000f0019\nVerified']"
STUDIO PROCHE TOUR EIFFEL,Entire home,€75,Antoine,(15 reviews),4.71,"['2 guests', 'Studio', '1 bed', '1 bath', '\U000f0004\n15 Reviews', '\U000f0019\nVerified']"
Comfy homie place,Private room in guesthouse,€33,Xiaomei,,,"['1 guest', 'Studio', '1 shared bath', '\U000f0019\nVerified']"
Couple room in the heart of Saint-Germain-des-Prés,Room in boutique hotel,,Xavier,(125 reviews),4.56,"['2 guests', '1 bedroom', '1 bed', '1 bath', '\U000f0004\n3,822 Reviews', '\U000f0019\nVerified']"
Marais - Spacious 3 BR with TERRASSE!!,Entire home,,Mariam,(115 reviews),4.81,"['10 guests', '3 bedrooms', '5 beds', '2 baths', '\U000f0004\n1,094 Reviews', '\U000f0019\nVerified']"
Argenteuil : appartement lumineux & cosy,Private room in apartment,€18,Manon,,,"['2 guests', '1 bedroom', '1 bed', '1 shared bath', '\U000f0004\n2 Reviews', '\U000f0019\nVerified']"
APPART NEUF CONVIVIAL,Private room in condominium,,Préscillia,(26 reviews),4.87,"['1 guest', '1 bedroom', '1 bed', '1 shared bath', '\U000f0004\n53 Reviews', '\U000f0019\nVerified']"
Charming Hotel the heart of Saint-Germain des Prés,Room in boutique hotel,,Xavier,(102 reviews),4.62,"['16+ guests', '50 bedrooms', '50 beds', '50 baths', '\U000f0004\n3,822 Reviews', '\U000f0019\nVerified']"
Notre Dame - Ballade bucolique,Entire home,€485,Sophie,,,"['8 guests', '3 bedrooms', '5 beds', '2 baths', '\U000f0019\nVerified']"
Appartement Cozy à 10 mn de la Tour Eiffel !,Entire home,€59,Julien,(7 reviews),4.67,"['2 guests', 'Studio', '1 bed', '1 bath', '\U000f0004\n7 Reviews', '\U000f0019\nVerified']"
magnifique appartement au coeur du 11eme,Entire home,€95,Toledano,(75 reviews),4.61,"['4 guests', 'Studio', '1 bed', '1 bath', '\U000f0004\n75 Reviews', '\U000f0019\nVerified']"
"Ideal pour une nuit, petit cocon tres calme",Private room in bed and breakfast,€16,Sane,(9 reviews),4.78,"['1 guest', '1 bedroom', '0 beds', '1 shared bath', '\U000f0004\n38 Reviews', '\U000f0019\nVerified']"
Channel Your Inner Parisian In This Amazing Flat !,Entire home,€199,Helene,(13 reviews),3.55,"['6 guests', '2 bedrooms', '3 beds', '1 bath', '\U000f0004\n13 Reviews']"
♥ Chic apartment near Eiffel Tower - 6P,Entire home,€405,Charles,(94 reviews),4.73,"['6 guests', '2 bedrooms', '4 beds', '1 bath', '\U000f0004\n1,001 Reviews', '\U000f0019\nVerified']"
Luxury 8 bedrooms Home (10 min Parc des Expos),Entire home,€400,Yohan,(6 reviews),4.83,"['16+ guests', '8 bedrooms', '8 beds', '2 baths', '\U000f0004\n32 Reviews', '\U000f0019\nVerified']"
Lovely apartment in Porte de versailles/Paris Expo,Entire home,€144,Maria,(13 reviews),4.55,"['7 guests', '2 bedrooms', '5 beds', '1.5 baths', '\U000f0004\n33 Reviews']"
"New flat Oberkampf, fully renovated",Entire home,€88,Louis,(151 reviews),4.68,"['6 guests', '2 bedrooms', '2 beds', '1 bath', '\U000f0004\n283 Reviews', '\U000f0019\nVerified']"
Baroque And Chic Apartment In Heart Of Montmartre,Entire home,€129,Caro,(3 reviews),5,"['4 guests', '1 bedroom', '2 beds', '1 bath', '\U000f0004\n3 Reviews']"
L’APPART. Villepinte- Roissy CDG - Eurodisney,Entire home,€296,Gary,,,"['16+ guests', '4 bedrooms', '7 beds', '1 bath', '\U000f0004\n8 Reviews', '\U000f0019\nVerified']"
New apartment just next to the Champs Elysees,Entire home,€285,Anne,(53 reviews),4.75,"['5 guests', '2 bedrooms', '3 beds', '1.5 baths', '\U000f0004\n67 Reviews', '\U000f0019\nVerified']"
Hotel rooms heart of Saint-Germain des Prés Odeon,Room in boutique hotel,,Xavier,(132 reviews),4.46,"['16+ guests', '50 bedrooms', '50 beds', '50 baths', '\U000f0004\n3,822 Reviews', '\U000f0019\nVerified']"
CHARMING ROMANTIC STUDIO OPERA &MONTMATRE 2 PERSON,Entire home,€52,Jocelyn /Silvio,(351 reviews),4.34,"['2 guests', '1 bedroom', '1 bed', 'Half-bath', '\U000f0004\n1,731 Reviews', '\U000f0019\nVerified']"
❤️ JUST WHAT U NEED. GREAT FLAT IN THE MARAIS.,Entire home,€158,Louise,(104 reviews),4.49,"['4 guests', '2 bedrooms', '2 beds', '1 bath', '\U000f0004\n674 Reviews', '\U000f0019\nVerified']"
"ILE-ST-LOUIS, ART, LUXURY AND CHARM",Entire home,€195,Marie&Elena,(247 reviews),4.85,"['4 guests', 'Studio', '3 beds', '1 bath', '\U000f0004\n247 Reviews', '\U000f0019\nVerified']"
Historic family hotel rooms Saint-Germain des Prés,Room in boutique hotel,,Xavier,(109 reviews),4.54,"['16+ guests', '50 bedrooms', '50 beds', '50 baths', '\U000f0004\n3,822 Reviews', '\U000f0019\nVerified']"
Best Place in Paris,Entire home,€299,Elodie,(128 reviews),4.58,"['4 guests', '2 bedrooms', '2 beds', '1 bath', '\U000f0004\n2,712 Reviews', '\U000f0019\nVerified']"
Authentic B§B in a lovely house,Private room in house,€59,Françoise,(286 reviews),4.82,"['3 guests', '1 bedroom', '2 beds', '1 private bath', '\U000f0004\n289 Reviews', '\U000f0019\nVerified']"
Chic & Romantic Flat in Montmartre,Entire home,€99,Margherita,(99 reviews),4.6,"['4 guests', '1 bedroom', '2 beds', '1 bath', '\U000f0004\n161 Reviews', '\U000f1101\n4 References', '\U000f0019\nVerified']"
Amazing flat Quartier Latin,Entire home,,IntoParis,(18 reviews),4.31,"['6 guests', '2 bedrooms', '3 beds', '2 baths', '\U000f0004\n1,755 Reviews', '\U000f0019\nVerified']"
Rare and luxurious appartement in Champs-Elysee,Entire home,€168,Bahija,(37 reviews),4.62,"['4 guests', '1 bedroom', '1 bed', '2 baths', '\U000f0004\n37 Reviews', '\U000f0019\nVerified']"
Cabin - Queen size bed - 5m²,Room in hostel,,JO&JOE Paris Gentilly,(526 reviews),4.38,"['1 guest', '1 bedroom', '1 bed', '1 bath', '\U000f0004\n936 Reviews', '\U000f0019\nVerified']"
Luminous Loft in Saint-Germain des Prés,Entire home,,Pierre,(103 reviews),4.6,"['4 guests', '1 bedroom', '2 beds', '1 bath', '\U000f0004\n103 Reviews', '\U000f0019\nVerified']"
Private rooms in Saint-Germain-des-Pres Paris 6,Room in boutique hotel,,Xavier,(137 reviews),4.61,"['16+ guests', '50 bedrooms', '20 beds', '50 baths', '\U000f0004\n3,822 Reviews', '\U000f0019\nVerified']"
IN PARIS CENTER SPACIOUS 3ROOM RENOVATED FOR 6 PER,Entire home,€150,Joseph,(6 reviews),4.83,"['6 guests', '2 bedrooms', '4 beds', '1 bath', '\U000f0004\n44 Reviews', '\U000f0019\nVerified']"
Charming country house only 20mn away from Paris,Entire home,€63,Catherine,(81 reviews),4.95,"['7 guests', '3 bedrooms', '5 beds', '2 baths', '\U000f0004\n81 Reviews', '\U000f0019\nVerified']"
Trendy & Fashion Duplex in Le Marais !!!,Entire home,€199,Philippe,(44 reviews),4.36,"['6 guests', '2 bedrooms', '3 beds', '1 bath', '\U000f0004\n12,800 Reviews', '\U000f0019\nVerified']"
Large & Modern Studio In St Germain,Entire home,€149,Gaelle,(3 reviews),5,"['2 guests', 'Studio', '1 bed', '1 bath', '\U000f0004\n3 Reviews']"
WONDERFUL ROOM OF 9M2 NEAR LE MARAIS,Private room in apartment,€49,Guillaume,(13 reviews),4.77,"['2 guests', 'Studio', '0 beds', '1 shared bath', '\U000f0004\n34 Reviews', '\U000f0019\nVerified']"
♥ of Paris 5th - Quartier Latin,Entire home,€120,Olivier,(35 reviews),4.83,"['4 guests', '1 bedroom', '2 beds', '1 bath', '\U000f0004\n167 Reviews', '\U000f0019\nVerified']"
charming artist apartment,Entire home,€110,Anne-Laure,(183 reviews),4.85,"['2 guests', '1 bedroom', '1 bed', '1 bath', '\U000f0004\n183 Reviews', '\U000f0019\nVerified']"
Elysées Wagram 2 - Breakfast included,Private room in apartment,€140,Catherine,(292 reviews),4.93,"['2 guests', '1 bedroom', '1 bed', '1 private bath', '\U000f0004\n617 Reviews', '\U000f0019\nVerified']"
New flat 2nd floor near to Porte de Paris station,Entire home,€149,Mika,(48 reviews),4.96,"['8 guests', '3 bedrooms', '3 beds', '1 bath', '\U000f0004\n89 Reviews', '\U000f0019\nVerified']"
♥Nid douillet Levallois-Perret proche Arc Triomphe,Entire home,€131,Charles,,,"['6 guests', '1 bedroom', '3 beds', '1 bath', '\U000f0004\n1,001 Reviews', '\U000f0019\nVerified']"
100m2 Apartment in best area of Paris,Entire home,€395,Bonjour,(9 reviews),4.67,"['10 guests', '4 bedrooms', '5 beds', '2.5 baths', '\U000f0004\n39 Reviews', '\U000f0019\nVerified']"
Charming Typical Parisian Flat,Entire home,€85,Olivier,(260 reviews),4.58,"['4 guests', '2 bedrooms', '2 beds', '1 bath', '\U000f0004\n260 Reviews', '\U000f0019\nVerified']"
❤️ Comme à l’hotel au coeur du Marais,Private room in apartment,€92,Jérémy,(16 reviews),4.94,"['2 guests', '1 bedroom', '1 bed', '1 private bath', '\U000f0004\n16 Reviews']"
Parisian Lifestyle for 3 nice Guests,Room in boutique hotel,€199,Romain,(60 reviews),4.88,"['3 guests', '1 bedroom', '2 beds', '1 bath', '\U000f0004\n219 Reviews', '\U000f0019\nVerified']"
Magnificent bright and atypical apt with garden,Entire home,€187,Sophie,,,"['5 guests', '2 bedrooms', '3 beds', '1 bath', '\U000f0019\nVerified']"
"République, renovated 2016 6 bdrms,3WC,3 bathrooms",Entire home,€500,Mathilde,(151 reviews),4.58,"['15 guests', '6 bedrooms', '6 beds', '3 baths', '\U000f0004\n3,217 Reviews', '\U000f0019\nVerified']"
Amazing apt with balcony & Wifi,Entire home,€634,"Loic, Estelle & Co",(14 reviews),4.36,"['8 guests', '2 bedrooms', '4 beds', '1 bath', '\U000f0004\n616 Reviews', '\U000f0019\nVerified']"
Terrace overlooking the rooftops of Paris,Private room in bed and breakfast,,Myriam,(325 reviews),4.86,"['2 guests', '1 bedroom', '1 bed', '1 private bath', '\U000f0004\n325 Reviews', '\U000f0019\nVerified']"
F1 entier JACUZZI BALNEO TROPICAL proche Paris,Entire home,€115,Jordan,(4 reviews),4.75,"['2 guests', 'Studio', '1 bed', '1 bath', '\U000f0004\n118 Reviews', '\U000f0019\nVerified']"
"Loft ""Atelier"" in the Marais perfect for 4",Entire home,€190,Hsiao Lin,(371 reviews),4.63,"['6 guests', '2 bedrooms', '3 beds', '1 bath', '\U000f0004\n1,144 Reviews', '\U000f0019\nVerified']"
Petit studio parisien près de la Tour Eiffel,Entire home,€88,Weina,(142 reviews),4.82,"['2 guests', 'Studio', '1 bed', '1 bath', '\U000f0004\n384 Reviews', '\U000f0019\nVerified']"
"Magnifique Appartement Montorgueil , 5mn Opera",Entire home,€175,Myriam,,,"['6 guests', '2 bedrooms', '3 beds', '1 bath', '\U000f0004\n4 Reviews', '\U000f0019\nVerified']"
❤️ Central Apartment in Paris,Entire home,€148,Louis,(58 reviews),4.57,"['6 guests', '2 bedrooms', '3 beds', '1 bath', '\U000f0004\n131 Reviews', '\U000f0019\nVerified']"
Yan’s apartment,Entire home,€60,Yan,(9 reviews),4.11,"['4 guests', '1 bedroom', '2 beds', '1 bath', '\U000f0004\n12 Reviews', '\U000f0019\nVerified']"
"Opera-Haussmann, St Honoré, Montaigne, Concorde",Entire home,€140,Cynthia,(306 reviews),4.75,"['2 guests', 'Studio', '1 bed', '1 bath', '\U000f0004\n3,550 Reviews', '\U000f0019\nVerified']"
Steps from Notre-Dame,Entire home,€335,Catherine,(14 reviews),5,"['6 guests', '2 bedrooms', '3 beds', '1 bath', '\U000f0004\n14 Reviews', '\U000f0019\nVerified']"
Brand new Modern flat Central Paris Boutique Hotel,Entire home,€139,Justin & Catherine,(657 reviews),4.29,"['4 guests', '1 bedroom', '2 beds', '1 bath', '\U000f0004\n1,429 Reviews', '\U000f1101\n9 References', '\U000f0019\nVerified']"
"JOLI STUDIO, FACE AU BOIS DE VINCENNES. 15MN PARIS",Entire home,€55,Cathy,(45 reviews),4.36,"['2 guests', 'Studio', '1 bed', '1 bath', '\U000f0004\n449 Reviews', '\U000f0019\nVerified']"
Hotel Boronali *** - Superior room in Montmartre,Room in boutique hotel,€119,Arthur,(15 reviews),4.8,"['2 guests', '1 bedroom', '1 bed', '1 bath', '\U000f0004\n493 Reviews', '\U000f0019\nVerified']"
Cosy room between Montmartre and Opera,Room in boutique hotel,€140,Adélie,(54 reviews),4.69,"['2 guests', '1 bedroom', '1 bed', '1 bath', '\U000f0004\n55 Reviews', '\U000f0019\nVerified']"
★ Spacious & Cozy ★ 3 Rooms Flat Near Paris & CDG,Entire home,€69,Dora & John,(186 reviews),4.66,"['7 guests', '2 bedrooms', '4 beds', '1 bath', '\U000f0004\n399 Reviews', '\U000f0019\nVerified']"
Centrally Located Modern Parisian Studio,Entire home,€140,Greg,(8 reviews),5,"['2 guests', 'Studio', '1 bed', '1 bath', '\U000f0004\n8 Reviews', '\U000f0019\nVerified']"
Le Charme de Saint Germain appartment,Entire home,€129,Ren,(14 reviews),4.23,"['4 guests', '1 bedroom', '2 beds', '1 bath', '\U000f0004\n14 Reviews']"
Spacious&Shiny flat in Center of Paris 5pers!,Entire home,€149,Philippe,(39 reviews),4.31,"['5 guests', '2 bedrooms', '3 beds', '1 bath', '\U000f0004\n12,800 Reviews', '\U000f0019\nVerified']"
Lion studio,Entire home,€82,Alicia,(16 reviews),4.94,"['3 guests', 'Studio', '2 beds', '1 bath', '\U000f0004\n375 Reviews', '\U000f0019\nVerified']"
Magnifique studio Zen & Cosy à 12mn de Paris,Entire home,€65,Sonia & David,(78 reviews),4.87,"['3 guests', 'Studio', '1 bed', '1 bath', '\U000f0004\n78 Reviews', '\U000f0019\nVerified']"
Paris Vaugirard : Near Etoile/Champs-Elysées,Entire home,€350,Chérazade Et Paul,(12 reviews),4.92,"['7 guests', '3 bedrooms', '3 beds', '2.5 baths', '\U000f0004\n19 Reviews']"
MODERN 1BR FLAT IN THE HEART OF THE MARAIS,Entire home,€100,Nathalie,(6 reviews),4,"['4 guests', '1 bedroom', '2 beds', '1 bath', '\U000f0004\n1,556 Reviews', '\U000f0019\nVerified']"
Downtown Paris 5 people duplex style,Entire home,€180,Gilian,(330 reviews),4.7,"['5 guests', '1 bedroom', '4 beds', '1 bath', '\U000f0004\n1,555 Reviews', '\U000f1101\n1 Reference', '\U000f0019\nVerified']"
Magic Apartament Saint Germain Des Prés,Entire home,€249,Alma,(4 reviews),5,"['7 guests', '1 bedroom', '4 beds', '1 bath', '\U000f0004\n31 Reviews', '\U000f0019\nVerified']"
Chambre privé pour 1 personne avec télé incluse,Private room in house,€24,Alexandra,(102 reviews),4.37,"['1 guest', '1 bedroom', '1 bed', '1 shared bath', '\U000f0004\n295 Reviews', '\U000f0019\nVerified']"
Your perfect place to stay in Paris,Entire home,€60,Paris,(47 reviews),4.79,"['2 guests', 'Studio', '1 bed', '1 bath', '\U000f0004\n112 Reviews', '\U000f0019\nVerified']"
♥ Luxury apartment near Arc Triomphe - 8P,Entire home,€599,Charles,(6 reviews),4.83,"['8 guests', '3 bedrooms', '4 beds', '2 baths', '\U000f0004\n77 Reviews', '\U000f0019\nVerified']"
2BDR/2BR St Honoré/Louvre-Serviced Apartment | HS4,Room in serviced apartment,€699,HighStay,(67 reviews),4.87,"['6 guests', '2 bedrooms', '3 beds', '2 baths', '\U000f0004\n371 Reviews', '\U000f0019\nVerified']"
Dans les jardins de la Tour Eiffel,Entire home,€350,Mathilde,(163 reviews),4.56,"['7 guests', '2 bedrooms', '4 beds', '1 bath', '\U000f0004\n3,217 Reviews', '\U000f0019\nVerified']"
"Exceptionnel Studio, avenue FOCH",Entire home,€144,Gary,(12 reviews),4.42,"['5 guests', 'Studio', '4 beds', '1 bath', '\U000f0004\n79 Reviews', '\U000f0019\nVerified']"
chambre proche de Paris 14ème,Private room in apartment,€35,Brigitte,(94 reviews),4.8,"['2 guests', '1 bedroom', '1 bed', '1 shared bath', '\U000f0004\n94 Reviews', '\U000f0019\nVerified']"
Amazing- 1BDR in the heart of Montorgueil,Entire home,€354,Hortense,(10 reviews),4.9,"['6 guests', '1 bedroom', '3 beds', '1 bath', '\U000f0004\n63 Reviews', '\U000f0019\nVerified']"
Heart of Parmentier,Entire home,€161,Ari,(47 reviews),4.28,"['6 guests', '2 bedrooms', '3 beds', '1 bath', '\U000f0004\n1,392 Reviews', '\U000f0019\nVerified']"
Cœur de Paris,Private room in apartment,€72,Mehdi,(37 reviews),4.73,"['2 guests', '1 bedroom', '1 bed', '1 shared bath', '\U000f0004\n225 Reviews', '\U000f0019\nVerified']"
Proche du parc des princes et Rolland Garros,Entire home,€93,Alioune,,,"['4 guests', '1 bedroom', '1 bed', '1 bath', '\U000f0019\nVerified']"
Studio sur cour fleurie à Montmartre,Entire home,,Carole,(24 reviews),5,"['2 guests', 'Studio', '1 bed', '1 bath', '\U000f0004\n24 Reviews']"
200 mètres Arc de Triomphe & Champs-Elysées - 35m²,Private room in apartment,€53,Antoine,,,"['1 guest', '1 bedroom', '1 bed', '1 private bath', '\U000f0004\n1 Review', '\U000f0019\nVerified']"
Ground-Floor Flat Le Marais Center Paris,Entire home,€90,Sun,(88 reviews),4.84,"['2 guests', '1 bedroom', '1 bed', '1 bath', '\U000f0004\n88 Reviews', '\U000f0019\nVerified']"
LUMINEUSE CHAMBRE PRIVEE,Private room in apartment,€45,Marie-Suzanne,(261 reviews),4.68,"['2 guests', '1 bedroom', '1 bed', '1 shared bath', '\U000f0004\n261 Reviews', '\U000f0019\nVerified']"
Charming appartement with terrasse on courtyard,Entire home,€164,Daphné,(79 reviews),4.94,"['4 guests', '2 bedrooms', '2 beds', '1 bath', '\U000f0004\n79 Reviews', '\U000f0019\nVerified']"
"Chambre simple,1 personne, appartement Haussmanien",Private room in apartment,€75,Adrian H.,(7 reviews),5,"['1 guest', '1 bedroom', '1 bed', '1 bath', '\U000f0004\n13 Reviews', '\U000f0019\nVerified']"
Spacious flat in historic center of Paris,Entire home,€135,Alley,,,"['4 guests', 'Studio', '2 beds', '1 bath']"
Superb bright and luxurious apt in Montogueil,Entire home,€455,Alexia,(18 reviews),4.11,"['8 guests', '3 bedrooms', '4 beds', '3 baths', '\U000f0004\n18 Reviews', '\U000f0019\nVerified']"
City Center Beaubourg 1BD 6 people,Entire home,€190,Gilian,(266 reviews),4.76,"['6 guests', '1 bedroom', '3 beds', '1 bath', '\U000f0004\n1,555 Reviews', '\U000f1101\n1 Reference', '\U000f0019\nVerified']"
Nice dupleix for 3,Room in boutique hotel,€168,Villa Lutèce Port Royal,(53 reviews),4.6,"['3 guests', '1 bedroom', '2 beds', '1 bath', '\U000f0004\n319 Reviews', '\U000f0019\nVerified']"
Chambre calme chez l'habitant,Private room in apartment,€65,Christophe,(9 reviews),5,"['2 guests', '1 bedroom', '1 bed', '1 shared bath', '\U000f0004\n9 Reviews', '\U000f0019\nVerified']"
A 25 sq.m studio in Canal St Martin area,Entire home,€62,Nassima,(353 reviews),4.54,"['2 guests', 'Studio', '1 bed', '1 bath', '\U000f0004\n540 Reviews', '\U000f0019\nVerified']"
"❤Very close to Paris Center, authentic french area",Entire home,€309,Cindy,(61 reviews),4.85,"['8 guests', '3 bedrooms', '6 beds', '1 bath', '\U000f0004\n929 Reviews', '\U000f1101\n1 Reference', '\U000f0019\nVerified']"
Chic Place Vendôme,Entire home,€190,Ruben,,,"['4 guests', '1 bedroom', '2 beds', '1 bath', '\U000f0004\n797 Reviews', '\U000f0019\nVerified']"
"Notre Dame, Exceptional location (363)",Entire home,€240,César Et Lucie,(6 reviews),3.83,"['5 guests', '1 bedroom', '3 beds', '1.5 baths', '\U000f0004\n9 Reviews']"
Like a house near the Louvre/Opera - rooftop view,Entire home,€122,Marine,(20 reviews),4.6,"['6 guests', '3 bedrooms', '3 beds', '1 bath', '\U000f0004\n20 Reviews', '\U000f0019\nVerified']"
Luxury 3 bedroom 2 bathroom Palace Apartment - AC,Entire home,€858,Marie & Louis,(62 reviews),4.85,"['8 guests', '3 bedrooms', '4 beds', '2.5 baths', '\U000f0004\n1,233 Reviews', '\U000f0019\nVerified']"
"Chambre ""rose""/appart.Vincennes",Private room in condominium,€45,Jean-Michel,(89 reviews),4.91,"['2 guests', '1 bedroom', '1 bed', '1 private bath', '\U000f0004\n161 Reviews', '\U000f0019\nVerified']"
King of Saint-Lazare - XXI,Entire home,€226,Ari,(10 reviews),4.9,"['6 guests', '2 bedrooms', '3 beds', '2 baths', '\U000f0004\n1,392 Reviews', '\U000f0019\nVerified']"
Paris - Tours Eiffel - Disneyland 2,Private room in apartment,€32,Didier,(7 reviews),4.86,"['2 guests', '1 bedroom', '1 bed', '1 bath', '\U000f0004\n306 Reviews', '\U000f0019\nVerified']"
Luxurious Flat - 2 Rooms - MontMartre & Lamarck,Entire home,€141,Julia,(8 reviews),4.13,"['6 guests', '1 bedroom', '3 beds', '1 bath', '\U000f0004\n8 Reviews', '\U000f0019\nVerified']"
Stay by the Champs-Élysées Avenue!,Entire home,€150,Michael,,,"['4 guests', '1 bedroom', '2 beds', '1 bath', '\U000f0019\nVerified']"
Beautiful apartment with an exceptional location,Entire home,€102,Edith,(184 reviews),4.93,"['2 guests', '1 bedroom', '1 bed', '1 bath', '\U000f0004\n184 Reviews', '\U000f0019\nVerified']"
Studio - Paris 13 - Place D'italie,Entire home,€58,Yudish,(33 reviews),3.82,"['2 guests', '1 bedroom', '1 bed', '1.5 baths', '\U000f0004\n33 Reviews']"
A FULLY private FLOOR WITH 6 ROOMS FOR 12 PEOPLE,Private room,€400,Green Hotels Paris 13,(16 reviews),4.31,"['12 guests', '6 bedrooms', '8 beds', '6 baths', '\U000f0004\n105 Reviews']"
Cosy appartment near Bastille - 484 ft2,Entire home,€130,Vincent,(233 reviews),4.81,"['4 guests', '1 bedroom', '2 beds', '1 bath', '\U000f0004\n451 Reviews', '\U000f0019\nVerified']"
Spacious flat in historic center of Paris,Entire home,€135,Alley,,,"['4 guests', 'Studio', '2 beds', '1 bath']"
Superb bright and luxurious apt in Montogueil,Entire home,€455,Alexia,(18 reviews),4.11,"['8 guests', '3 bedrooms', '4 beds', '3 baths', '\U000f0004\n18 Reviews', '\U000f0019\nVerified']"
City Center Beaubourg 1BD 6 people,Entire home,€190,Gilian,(266 reviews),4.76,"['6 guests', '1 bedroom', '3 beds', '1 bath', '\U000f0004\n1,555 Reviews', '\U000f1101\n1 Reference', '\U000f0019\nVerified']"
Nice dupleix for 3,Room in boutique hotel,€168,Villa Lutèce Port Royal,(53 reviews),4.6,"['3 guests', '1 bedroom', '2 beds', '1 bath', '\U000f0004\n319 Reviews', '\U000f0019\nVerified']"
Chambre calme chez l'habitant,Private room in apartment,€65,Christophe,(9 reviews),5,"['2 guests', '1 bedroom', '1 bed', '1 shared bath', '\U000f0004\n9 Reviews', '\U000f0019\nVerified']"
A 25 sq.m studio in Canal St Martin area,Entire home,€62,Nassima,(353 reviews),4.54,"['2 guests', 'Studio', '1 bed', '1 bath', '\U000f0004\n540 Reviews', '\U000f0019\nVerified']"
"❤Very close to Paris Center, authentic french area",Entire home,€309,Cindy,(61 reviews),4.85,"['8 guests', '3 bedrooms', '6 beds', '1 bath', '\U000f0004\n929 Reviews', '\U000f1101\n1 Reference', '\U000f0019\nVerified']"
Chic Place Vendôme,Entire home,€190,Ruben,,,"['4 guests', '1 bedroom', '2 beds', '1 bath', '\U000f0004\n797 Reviews', '\U000f0019\nVerified']"
"Notre Dame, Exceptional location (363)",Entire home,€240,César Et Lucie,(6 reviews),3.83,"['5 guests', '1 bedroom', '3 beds', '1.5 baths', '\U000f0004\n9 Reviews']"
Like a house near the Louvre/Opera - rooftop view,Entire home,€122,Marine,(20 reviews),4.6,"['6 guests', '3 bedrooms', '3 beds', '1 bath', '\U000f0004\n20 Reviews', '\U000f0019\nVerified']"
Luxury 3 bedroom 2 bathroom Palace Apartment - AC,Entire home,€858,Marie & Louis,(62 reviews),4.85,"['8 guests', '3 bedrooms', '4 beds', '2.5 baths', '\U000f0004\n1,233 Reviews', '\U000f0019\nVerified']"
"Chambre ""rose""/appart.Vincennes",Private room in condominium,€45,Jean-Michel,(89 reviews),4.91,"['2 guests', '1 bedroom', '1 bed', '1 private bath', '\U000f0004\n161 Reviews', '\U000f0019\nVerified']"
King of Saint-Lazare - XXI,Entire home,€226,Ari,(10 reviews),4.9,"['6 guests', '2 bedrooms', '3 beds', '2 baths', '\U000f0004\n1,392 Reviews', '\U000f0019\nVerified']"
Paris - Tours Eiffel - Disneyland 2,Private room in apartment,€32,Didier,(7 reviews),4.86,"['2 guests', '1 bedroom', '1 bed', '1 bath', '\U000f0004\n306 Reviews', '\U000f0019\nVerified']"
Luxurious Flat - 2 Rooms - MontMartre & Lamarck,Entire home,€141,Julia,(8 reviews),4.13,"['6 guests', '1 bedroom', '3 beds', '1 bath', '\U000f0004\n8 Reviews', '\U000f0019\nVerified']"
Stay by the Champs-Élysées Avenue!,Entire home,€150,Michael,,,"['4 guests', '1 bedroom', '2 beds', '1 bath', '\U000f0019\nVerified']"
Beautiful apartment with an exceptional location,Entire home,€102,Edith,(184 reviews),4.93,"['2 guests', '1 bedroom', '1 bed', '1 bath', '\U000f0004\n184 Reviews', '\U000f0019\nVerified']"
Studio - Paris 13 - Place D'italie,Entire home,€58,Yudish,(33 reviews),3.82,"['2 guests', '1 bedroom', '1 bed', '1.5 baths', '\U000f0004\n33 Reviews']"
A FULLY private FLOOR WITH 6 ROOMS FOR 12 PEOPLE,Private room,€400,Green Hotels Paris 13,(16 reviews),4.31,"['12 guests', '6 bedrooms', '8 beds', '6 baths', '\U000f0004\n105 Reviews']"
Cosy appartment near Bastille - 484 ft2,Entire home,€130,Vincent,(233 reviews),4.81,"['4 guests', '1 bedroom', '2 beds', '1 bath', '\U000f0004\n451 Reviews', '\U000f0019\nVerified']"
Spacious flat in historic center of Paris,Entire home,€135,Alley,,,"['4 guests', 'Studio', '2 beds', '1 bath']"
Superb bright and luxurious apt in Montogueil,Entire home,€455,Alexia,(18 reviews),4.11,"['8 guests', '3 bedrooms', '4 beds', '3 baths', '\U000f0004\n18 Reviews', '\U000f0019\nVerified']"
City Center Beaubourg 1BD 6 people,Entire home,€190,Gilian,(266 reviews),4.76,"['6 guests', '1 bedroom', '3 beds', '1 bath', '\U000f0004\n1,555 Reviews', '\U000f1101\n1 Reference', '\U000f0019\nVerified']"
Nice dupleix for 3,Room in boutique hotel,€168,Villa Lutèce Port Royal,(53 reviews),4.6,"['3 guests', '1 bedroom', '2 beds', '1 bath', '\U000f0004\n319 Reviews', '\U000f0019\nVerified']"
Chambre calme chez l'habitant,Private room in apartment,€65,Christophe,(9 reviews),5,"['2 guests', '1 bedroom', '1 bed', '1 shared bath', '\U000f0004\n9 Reviews', '\U000f0019\nVerified']"
A 25 sq.m studio in Canal St Martin area,Entire home,€62,Nassima,(353 reviews),4.54,"['2 guests', 'Studio', '1 bed', '1 bath', '\U000f0004\n540 Reviews', '\U000f0019\nVerified']"
"❤Very close to Paris Center, authentic french area",Entire home,€309,Cindy,(61 reviews),4.85,"['8 guests', '3 bedrooms', '6 beds', '1 bath', '\U000f0004\n929 Reviews', '\U000f1101\n1 Reference', '\U000f0019\nVerified']"
Chic Place Vendôme,Entire home,€190,Ruben,,,"['4 guests', '1 bedroom', '2 beds', '1 bath', '\U000f0004\n797 Reviews', '\U000f0019\nVerified']"
"Notre Dame, Exceptional location (363)",Entire home,€240,César Et Lucie,(6 reviews),3.83,"['5 guests', '1 bedroom', '3 beds', '1.5 baths', '\U000f0004\n9 Reviews']"
Like a house near the Louvre/Opera - rooftop view,Entire home,€122,Marine,(20 reviews),4.6,"['6 guests', '3 bedrooms', '3 beds', '1 bath', '\U000f0004\n20 Reviews', '\U000f0019\nVerified']"
Luxury 3 bedroom 2 bathroom Palace Apartment - AC,Entire home,€858,Marie & Louis,(62 reviews),4.85,"['8 guests', '3 bedrooms', '4 beds', '2.5 baths', '\U000f0004\n1,233 Reviews', '\U000f0019\nVerified']"
"Chambre ""rose""/appart.Vincennes",Private room in condominium,€45,Jean-Michel,(89 reviews),4.91,"['2 guests', '1 bedroom', '1 bed', '1 private bath', '\U000f0004\n161 Reviews', '\U000f0019\nVerified']"
King of Saint-Lazare - XXI,Entire home,€226,Ari,(10 reviews),4.9,"['6 guests', '2 bedrooms', '3 beds', '2 baths', '\U000f0004\n1,392 Reviews', '\U000f0019\nVerified']"
Paris - Tours Eiffel - Disneyland 2,Private room in apartment,€32,Didier,(7 reviews),4.86,"['2 guests', '1 bedroom', '1 bed', '1 bath', '\U000f0004\n306 Reviews', '\U000f0019\nVerified']"
Luxurious Flat - 2 Rooms - MontMartre & Lamarck,Entire home,€141,Julia,(8 reviews),4.13,"['6 guests', '1 bedroom', '3 beds', '1 bath', '\U000f0004\n8 Reviews', '\U000f0019\nVerified']"
Stay by the Champs-Élysées Avenue!,Entire home,€150,Michael,,,"['4 guests', '1 bedroom', '2 beds', '1 bath', '\U000f0019\nVerified']"
Beautiful apartment with an exceptional location,Entire home,€102,Edith,(184 reviews),4.93,"['2 guests', '1 bedroom', '1 bed', '1 bath', '\U000f0004\n184 Reviews', '\U000f0019\nVerified']"
Studio - Paris 13 - Place D'italie,Entire home,€58,Yudish,(33 reviews),3.82,"['2 guests', '1 bedroom', '1 bed', '1.5 baths', '\U000f0004\n33 Reviews']"
A FULLY private FLOOR WITH 6 ROOMS FOR 12 PEOPLE,Private room,€400,Green Hotels Paris 13,(16 reviews),4.31,"['12 guests', '6 bedrooms', '8 beds', '6 baths', '\U000f0004\n105 Reviews']"
Cosy appartment near Bastille - 484 ft2,Entire home,€130,Vincent,(233 reviews),4.81,"['4 guests', '1 bedroom', '2 beds', '1 bath', '\U000f0004\n451 Reviews', '\U000f0019\nVerified']"
