,house_title,house_type,price,user,no_of_ratings,rating,house_detail,house_details,no_of_guest,house_size,no_of_beds,no_of_baths,house,beds,bath
0,Spacious studio near Bastille,Entire home,53.0,Alice Et Issam,176,3.88,"['2 guests', 'Studio', '1 bed', '1 bath', '\U000f0004\n201 Reviews', '\U000f0019\nVerified']","[""['2 guests'"", "" 'Studio'"", "" '1 bed'"", "" '1 bath'"", "" '\\U000f0004\\n201 Reviews'"", "" '\\U000f0019\\nVerified']""]",2.0, 'Studio', '1 bed', '1 bath',0.5,1.0,1.0
1,Two rooms 45 m2 with terrace.,Entire home,79.0,Muriel,331,4.82,"['4 guests', '1 bedroom', '3 beds', '1 bath', '\U000f0004\n363 Reviews', '\U000f1101\n1 Reference', '\U000f0019\nVerified']","[""['4 guests'"", "" '1 bedroom'"", "" '3 beds'"", "" '1 bath'"", "" '\\U000f0004\\n363 Reviews'"", "" '\\U000f1101\\n1 Reference'"", "" '\\U000f0019\\nVerified']""]",4.0, '1 bedroom', '3 beds', '1 bath',1.0,3.0,1.0
2,"Espace partagé, Shared space",Shared room in apartment,17.0,Jonathan,389,4.53,"['2 guests', '1 bedroom', '1 bed', '1 shared bath', '\U000f0004\n389 Reviews', '\U000f0019\nVerified']","[""['2 guests'"", "" '1 bedroom'"", "" '1 bed'"", "" '1 shared bath'"", "" '\\U000f0004\\n389 Reviews'"", "" '\\U000f0019\\nVerified']""]",2.0, '1 bedroom', '1 bed', '1 shared bath',1.0,1.0,1.0
4,Jolie chambre mansardée,Private room in apartment,35.0,Thierry,146,4.7,"['1 guest', '1 bedroom', '1 bed', '1 shared bath', '\U000f0004\n146 Reviews', '\U000f0019\nVerified']","[""['1 guest'"", "" '1 bedroom'"", "" '1 bed'"", "" '1 shared bath'"", "" '\\U000f0004\\n146 Reviews'"", "" '\\U000f0019\\nVerified']""]",1.0, '1 bedroom', '1 bed', '1 shared bath',1.0,1.0,1.0
6,Cozy apartment in Central Paris,Entire home,92.0,Pelis,22,4.55,"['3 guests', '1 bedroom', '2 beds', '1.5 baths', '\U000f0004\n22 Reviews', '\U000f0019\nVerified']","[""['3 guests'"", "" '1 bedroom'"", "" '2 beds'"", "" '1.5 baths'"", "" '\\U000f0004\\n22 Reviews'"", "" '\\U000f0019\\nVerified']""]",3.0, '1 bedroom', '2 beds', '1.5 baths',1.0,2.0,1.5
7,Joli studio confortable proche de Porte d’Italie,Entire home,26.0,Estelle,5,5.0,"['2 guests', 'Studio', '1 bed', '1 bath', '\U000f0004\n10 Reviews', '\U000f0019\nVerified']","[""['2 guests'"", "" 'Studio'"", "" '1 bed'"", "" '1 bath'"", "" '\\U000f0004\\n10 Reviews'"", "" '\\U000f0019\\nVerified']""]",2.0, 'Studio', '1 bed', '1 bath',0.5,1.0,1.0
8,Bedroom in the Haut Marais,Private room in apartment,59.0,India,184,4.87,"['2 guests', '1 bedroom', '1 bed', '1.5 shared baths', '\U000f0004\n209 Reviews', '\U000f0019\nVerified']","[""['2 guests'"", "" '1 bedroom'"", "" '1 bed'"", "" '1.5 shared baths'"", "" '\\U000f0004\\n209 Reviews'"", "" '\\U000f0019\\nVerified']""]",2.0, '1 bedroom', '1 bed', '1.5 shared baths',1.0,1.0,1.5
10,Parisian apartment: 10 min walk to Eiffel tower,Entire home,110.0,Mario,11,4.9,"['2 guests', '1 bedroom', '1 bed', '1 bath', '\U000f0004\n90 Reviews', '\U000f0019\nVerified']","[""['2 guests'"", "" '1 bedroom'"", "" '1 bed'"", "" '1 bath'"", "" '\\U000f0004\\n90 Reviews'"", "" '\\U000f0019\\nVerified']""]",2.0, '1 bedroom', '1 bed', '1 bath',1.0,1.0,1.0
12,70m2 appartment - 10 minutes to Paris central,Entire home,109.0,Ha Phuong,96,4.78,"['6 guests', '2 bedrooms', '3 beds', '1 bath', '\U000f0004\n98 Reviews', '\U000f0019\nVerified']","[""['6 guests'"", "" '2 bedrooms'"", "" '3 beds'"", "" '1 bath'"", "" '\\U000f0004\\n98 Reviews'"", "" '\\U000f0019\\nVerified']""]",6.0, '2 bedrooms', '3 beds', '1 bath',2.0,3.0,1.0
13,"Charming 1900's Parisian Duplex, 3 bedrooms",Entire home,129.0,Alejandra,237,4.75,"['6 guests', '3 bedrooms', '5 beds', '1.5 baths', '\U000f0004\n529 Reviews', '\U000f0019\nVerified']","[""['6 guests'"", "" '3 bedrooms'"", "" '5 beds'"", "" '1.5 baths'"", "" '\\U000f0004\\n529 Reviews'"", "" '\\U000f0019\\nVerified']""]",6.0, '3 bedrooms', '5 beds', '1.5 baths',3.0,5.0,1.5
14,"Quiet,stylish, safe, cozy apartment with elevator",Entire home,150.0,Linda&Min,3,5.0,"['4 guests', '1 bedroom', '2 beds', '1 bath', '\U000f0004\n36 Reviews', '\U000f0019\nVerified']","[""['4 guests'"", "" '1 bedroom'"", "" '2 beds'"", "" '1 bath'"", "" '\\U000f0004\\n36 Reviews'"", "" '\\U000f0019\\nVerified']""]",4.0, '1 bedroom', '2 beds', '1 bath',1.0,2.0,1.0
15,❤️Amazing Loft - Between Bastille & Gare de Lyon,Entire home,300.0,Raphael,33,4.73,"['8 guests', '4 bedrooms', '4 beds', '2 baths', '\U000f0004\n451 Reviews', '\U000f1101\n4 References', '\U000f0019\nVerified']","[""['8 guests'"", "" '4 bedrooms'"", "" '4 beds'"", "" '2 baths'"", "" '\\U000f0004\\n451 Reviews'"", "" '\\U000f1101\\n4 References'"", "" '\\U000f0019\\nVerified']""]",8.0, '4 bedrooms', '4 beds', '2 baths',4.0,4.0,2.0
17,"Quiet,stylish, safe, cozy apartment with elevator",Entire home,150.0,Linda&Min,3,5.0,"['4 guests', '1 bedroom', '2 beds', '1 bath', '\U000f0004\n36 Reviews', '\U000f0019\nVerified']","[""['4 guests'"", "" '1 bedroom'"", "" '2 beds'"", "" '1 bath'"", "" '\\U000f0004\\n36 Reviews'"", "" '\\U000f0019\\nVerified']""]",4.0, '1 bedroom', '2 beds', '1 bath',1.0,2.0,1.0
22,♥ Family apartment near La Défense - 10P,Entire home,330.0,Charles,53,4.83,"['10 guests', '4 bedrooms', '5 beds', '2 baths', '\U000f0004\n1,001 Reviews', '\U000f0019\nVerified']","[""['10 guests'"", "" '4 bedrooms'"", "" '5 beds'"", "" '2 baths'"", "" '\\U000f0004\\n1"", ""001 Reviews'"", "" '\\U000f0019\\nVerified']""]",10.0, '4 bedrooms', '5 beds', '2 baths',4.0,5.0,2.0
25,A deux Pas de la Cathédrale Notre-Dame,Entire home,500.0,Mathilde,121,4.62,"['10 guests', '3 bedrooms', '5 beds', '2 baths', '\U000f0004\n3,217 Reviews', '\U000f0019\nVerified']","[""['10 guests'"", "" '3 bedrooms'"", "" '5 beds'"", "" '2 baths'"", "" '\\U000f0004\\n3"", ""217 Reviews'"", "" '\\U000f0019\\nVerified']""]",10.0, '3 bedrooms', '5 beds', '2 baths',3.0,5.0,2.0
26,Appartement de charme,Entire home,45.0,Driss,276,3.91,"['2 guests', 'Studio', '0 beds', '1 bath', '\U000f0004\n276 Reviews', '\U000f0019\nVerified']","[""['2 guests'"", "" 'Studio'"", "" '0 beds'"", "" '1 bath'"", "" '\\U000f0004\\n276 Reviews'"", "" '\\U000f0019\\nVerified']""]",2.0, 'Studio', '0 beds', '1 bath',0.5,0.0,1.0
27,Lovely Studio Pigalle/Montmartre,Entire home,90.0,Guepard,353,4.82,"['3 guests', 'Studio', '2 beds', '1 bath', '\U000f0004\n508 Reviews', '\U000f0019\nVerified']","[""['3 guests'"", "" 'Studio'"", "" '2 beds'"", "" '1 bath'"", "" '\\U000f0004\\n508 Reviews'"", "" '\\U000f0019\\nVerified']""]",3.0, 'Studio', '2 beds', '1 bath',0.5,2.0,1.0
28,Hotel Boronali *** - Double room in Montmartre,Room in boutique hotel,99.0,Arthur,297,4.46,"['2 guests', '1 bedroom', '1 bed', '1 bath', '\U000f0004\n493 Reviews', '\U000f0019\nVerified']","[""['2 guests'"", "" '1 bedroom'"", "" '1 bed'"", "" '1 bath'"", "" '\\U000f0004\\n493 Reviews'"", "" '\\U000f0019\\nVerified']""]",2.0, '1 bedroom', '1 bed', '1 bath',1.0,1.0,1.0
29,Vivre sur l’eau au cœur de paris,Private room in boat,100.0,Isabelle Et Aymeric,121,4.87,"['4 guests', '1 bedroom', '3 beds', '1 private bath', '\U000f0004\n121 Reviews', '\U000f0019\nVerified']","[""['4 guests'"", "" '1 bedroom'"", "" '3 beds'"", "" '1 private bath'"", "" '\\U000f0004\\n121 Reviews'"", "" '\\U000f0019\\nVerified']""]",4.0, '1 bedroom', '3 beds', '1 private bath',1.0,3.0,1.0
30,Heart of Montmartre Charming Design House,Entire home,169.0,Simon,87,4.77,"['5 guests', '2 bedrooms', '3 beds', '2 baths', '\U000f0004\n87 Reviews', '\U000f0019\nVerified']","[""['5 guests'"", "" '2 bedrooms'"", "" '3 beds'"", "" '2 baths'"", "" '\\U000f0004\\n87 Reviews'"", "" '\\U000f0019\\nVerified']""]",5.0, '2 bedrooms', '3 beds', '2 baths',2.0,3.0,2.0
32,Montorgueil-Chatelet-Opéra center of Paris,Entire home,175.0,Jean Manuel,7,4.17,"['6 guests', '2 bedrooms', '3 beds', '1 bath', '\U000f0004\n558 Reviews', '\U000f0019\nVerified']","[""['6 guests'"", "" '2 bedrooms'"", "" '3 beds'"", "" '1 bath'"", "" '\\U000f0004\\n558 Reviews'"", "" '\\U000f0019\\nVerified']""]",6.0, '2 bedrooms', '3 beds', '1 bath',2.0,3.0,1.0
33,Design flat next the Eiffel Tower,Entire home,130.0,Nicolas,581,4.7,"['4 guests', '1 bedroom', '2 beds', '1 bath', '\U000f0004\n2,660 Reviews', '\U000f0019\nVerified']","[""['4 guests'"", "" '1 bedroom'"", "" '2 beds'"", "" '1 bath'"", "" '\\U000f0004\\n2"", ""660 Reviews'"", "" '\\U000f0019\\nVerified']""]",4.0, '1 bedroom', '2 beds', '1 bath',1.0,2.0,1.0
35,NEW! Central&Nice&Large flat 3 bedrooms + 2 bathr,Entire home,430.0,Francois Olivier,40,4.9,"['8 guests', '3 bedrooms', '3 beds', '2 baths', '\U000f0004\n40 Reviews', '\U000f0019\nVerified']","[""['8 guests'"", "" '3 bedrooms'"", "" '3 beds'"", "" '2 baths'"", "" '\\U000f0004\\n40 Reviews'"", "" '\\U000f0019\\nVerified']""]",8.0, '3 bedrooms', '3 beds', '2 baths',3.0,3.0,2.0
36,"Paris 10, Sampaix, Gare de l'EST, Gare du NORD",Entire home,185.0,Gary,4,5.0,"['7 guests', '3 bedrooms', '4 beds', '1 bath', '\U000f0004\n8 Reviews', '\U000f0019\nVerified']","[""['7 guests'"", "" '3 bedrooms'"", "" '4 beds'"", "" '1 bath'"", "" '\\U000f0004\\n8 Reviews'"", "" '\\U000f0019\\nVerified']""]",7.0, '3 bedrooms', '4 beds', '1 bath',3.0,4.0,1.0
38,Paris centre île st Louis,Entire home,289.0,Damien,44,4.66,"['5 guests', '2 bedrooms', '2 beds', '1 bath', '\U000f0004\n48 Reviews', '\U000f0019\nVerified']","[""['5 guests'"", "" '2 bedrooms'"", "" '2 beds'"", "" '1 bath'"", "" '\\U000f0004\\n48 Reviews'"", "" '\\U000f0019\\nVerified']""]",5.0, '2 bedrooms', '2 beds', '1 bath',2.0,2.0,1.0
39,SPACIOUS FLAT 6/8P NEAR GRANDS BOULEVARDS,Entire home,309.0,Fabienne,11,4.18,"['8 guests', '4 bedrooms', '4 beds', '2.5 baths', '\U000f0004\n11 Reviews', '\U000f0019\nVerified']","[""['8 guests'"", "" '4 bedrooms'"", "" '4 beds'"", "" '2.5 baths'"", "" '\\U000f0004\\n11 Reviews'"", "" '\\U000f0019\\nVerified']""]",8.0, '4 bedrooms', '4 beds', '2.5 baths',4.0,4.0,2.5
40,Suite Romantique au Pied du Louvre et desTuileries,Entire home,182.0,Christophe,57,4.86,"['2 guests', 'Studio', '1 bed', '1 bath', '\U000f0004\n230 Reviews', '\U000f0019\nVerified']","[""['2 guests'"", "" 'Studio'"", "" '1 bed'"", "" '1 bath'"", "" '\\U000f0004\\n230 Reviews'"", "" '\\U000f0019\\nVerified']""]",2.0, 'Studio', '1 bed', '1 bath',0.5,1.0,1.0
42,Very Nice & Comfy Flat Eiffel Tower,Entire home,130.0,Nicolas,563,4.71,"['4 guests', '1 bedroom', '2 beds', '1 bath', '\U000f0004\n2,660 Reviews', '\U000f0019\nVerified']","[""['4 guests'"", "" '1 bedroom'"", "" '2 beds'"", "" '1 bath'"", "" '\\U000f0004\\n2"", ""660 Reviews'"", "" '\\U000f0019\\nVerified']""]",4.0, '1 bedroom', '2 beds', '1 bath',1.0,2.0,1.0
44,Rustic styled bedroom (17m2) in Canal St Martin,Private room in apartment,58.0,Blaise,23,5.0,"['2 guests', '1 bedroom', '1 bed', '1.5 shared baths', '\U000f0004\n362 Reviews', '\U000f1101\n1 Reference', '\U000f0019\nVerified']","[""['2 guests'"", "" '1 bedroom'"", "" '1 bed'"", "" '1.5 shared baths'"", "" '\\U000f0004\\n362 Reviews'"", "" '\\U000f1101\\n1 Reference'"", "" '\\U000f0019\\nVerified']""]",2.0, '1 bedroom', '1 bed', '1.5 shared baths',1.0,1.0,1.5
45,small maid's room,Private room in apartment,45.0,Aurélia,361,4.46,"['1 guest', '1 bedroom', '1 bed', '1 private bath', '\U000f0004\n671 Reviews', '\U000f0019\nVerified']","[""['1 guest'"", "" '1 bedroom'"", "" '1 bed'"", "" '1 private bath'"", "" '\\U000f0004\\n671 Reviews'"", "" '\\U000f0019\\nVerified']""]",1.0, '1 bedroom', '1 bed', '1 private bath',1.0,1.0,1.0
46,Beautiful Room in Quartier Latin,Private room in apartment,54.0,Grégoire,387,4.67,"['1 guest', '1 bedroom', '1 bed', '1 shared bath', '\U000f0004\n422 Reviews', '\U000f0019\nVerified']","[""['1 guest'"", "" '1 bedroom'"", "" '1 bed'"", "" '1 shared bath'"", "" '\\U000f0004\\n422 Reviews'"", "" '\\U000f0019\\nVerified']""]",1.0, '1 bedroom', '1 bed', '1 shared bath',1.0,1.0,1.0
47,"AMAZING FLAT STYLE LOFT (old workshop), LOUVRE",Entire home,230.0,Anna,67,4.91,"['4 guests', '1 bedroom', '2 beds', '1 bath', '\U000f0004\n67 Reviews', '\U000f0019\nVerified']","[""['4 guests'"", "" '1 bedroom'"", "" '2 beds'"", "" '1 bath'"", "" '\\U000f0004\\n67 Reviews'"", "" '\\U000f0019\\nVerified']""]",4.0, '1 bedroom', '2 beds', '1 bath',1.0,2.0,1.0
48,Appartement au pied de Saint-Lazare / Opera,Entire home,155.0,Clara,7,5.0,"['4 guests', '1 bedroom', '2 beds', '1 bath', '\U000f0004\n7 Reviews', '\U000f0019\nVerified']","[""['4 guests'"", "" '1 bedroom'"", "" '2 beds'"", "" '1 bath'"", "" '\\U000f0004\\n7 Reviews'"", "" '\\U000f0019\\nVerified']""]",4.0, '1 bedroom', '2 beds', '1 bath',1.0,2.0,1.0
49,"quartier Latin, Cathédrale Notre-Dame",Entire home,500.0,Mathilde,166,4.41,"['12 guests', '4 bedrooms', '7 beds', '2 baths', '\U000f0004\n3,217 Reviews', '\U000f0019\nVerified']","[""['12 guests'"", "" '4 bedrooms'"", "" '7 beds'"", "" '2 baths'"", "" '\\U000f0004\\n3"", ""217 Reviews'"", "" '\\U000f0019\\nVerified']""]",12.0, '4 bedrooms', '7 beds', '2 baths',4.0,7.0,2.0
50,Heart of Grand Méricourt (NEW),Entire home,184.0,Ari,9,4.89,"['6 guests', '2 bedrooms', '3 beds', '1 bath', '\U000f0004\n1,392 Reviews', '\U000f0019\nVerified']","[""['6 guests'"", "" '2 bedrooms'"", "" '3 beds'"", "" '1 bath'"", "" '\\U000f0004\\n1"", ""392 Reviews'"", "" '\\U000f0019\\nVerified']""]",6.0, '2 bedrooms', '3 beds', '1 bath',2.0,3.0,1.0
51,Charming Studio in historical building for 3,Entire home,109.0,Michel,46,4.91,"['3 guests', 'Studio', '2 beds', '1 bath', '\U000f0004\n87 Reviews', '\U000f0019\nVerified']","[""['3 guests'"", "" 'Studio'"", "" '2 beds'"", "" '1 bath'"", "" '\\U000f0004\\n87 Reviews'"", "" '\\U000f0019\\nVerified']""]",3.0, 'Studio', '2 beds', '1 bath',0.5,2.0,1.0
52,Deux-pièces tout confort près Canal Saint-Martin,Entire home,92.0,Jean-Jacques,3,5.0,"['4 guests', '2 bedrooms', '2 beds', '1 bath', '\U000f0004\n29 Reviews', '\U000f0019\nVerified']","[""['4 guests'"", "" '2 bedrooms'"", "" '2 beds'"", "" '1 bath'"", "" '\\U000f0004\\n29 Reviews'"", "" '\\U000f0019\\nVerified']""]",4.0, '2 bedrooms', '2 beds', '1 bath',2.0,2.0,1.0
53,Bright room at the gates of Paris (8 min to metro),Private room in apartment,38.0,Paul,6,5.0,"['2 guests', '1 bedroom', '1 bed', '1 shared bath', '\U000f0004\n6 Reviews', '\U000f0019\nVerified']","[""['2 guests'"", "" '1 bedroom'"", "" '1 bed'"", "" '1 shared bath'"", "" '\\U000f0004\\n6 Reviews'"", "" '\\U000f0019\\nVerified']""]",2.0, '1 bedroom', '1 bed', '1 shared bath',1.0,1.0,1.0
54,Stylish Haussmann Apartment - Paris Centre,Entire home,550.0,Louise,138,4.61,"['12 guests', '4 bedrooms', '8 beds', '2.5 baths', '\U000f0004\n2,374 Reviews', '\U000f0019\nVerified']","[""['12 guests'"", "" '4 bedrooms'"", "" '8 beds'"", "" '2.5 baths'"", "" '\\U000f0004\\n2"", ""374 Reviews'"", "" '\\U000f0019\\nVerified']""]",12.0, '4 bedrooms', '8 beds', '2.5 baths',4.0,8.0,2.5
55,Spacious Flat In Heart Of Paris In Gorgeous Marais,Entire home,149.0,Julie,3,2.0,"['4 guests', '1 bedroom', '2 beds', '1 bath', '\U000f0004\n3 Reviews']","[""['4 guests'"", "" '1 bedroom'"", "" '2 beds'"", "" '1 bath'"", "" '\\U000f0004\\n3 Reviews']""]",4.0, '1 bedroom', '2 beds', '1 bath',1.0,2.0,1.0
56,LUXURY LOFT STUDIO IN THE HEART OF LE MARAIS 4PERS,Entire home,125.0,Diane & Déborah,200,4.6,"['4 guests', '1 bedroom', '2 beds', '1.5 baths', '\U000f0004\n1,213 Reviews', '\U000f0019\nVerified']","[""['4 guests'"", "" '1 bedroom'"", "" '2 beds'"", "" '1.5 baths'"", "" '\\U000f0004\\n1"", ""213 Reviews'"", "" '\\U000f0019\\nVerified']""]",4.0, '1 bedroom', '2 beds', '1.5 baths',1.0,2.0,1.5
57,Cozy Studio Notre-Dame/Saint-Germain/Saint Michel,Entire home,109.0,Sharon,15,4.87,"['2 guests', '1 bedroom', '1 bed', '1 bath', '\U000f0004\n15 Reviews', '\U000f0019\nVerified']","[""['2 guests'"", "" '1 bedroom'"", "" '1 bed'"", "" '1 bath'"", "" '\\U000f0004\\n15 Reviews'"", "" '\\U000f0019\\nVerified']""]",2.0, '1 bedroom', '1 bed', '1 bath',1.0,1.0,1.0
58,Sublime chambre avec merveilleuse vue panoramique,Room in boutique hotel,326.0,Julia,22,4.95,"['2 guests', '1 bedroom', '1 bed', '1 bath', '\U000f0004\n28 Reviews', '\U000f0019\nVerified']","[""['2 guests'"", "" '1 bedroom'"", "" '1 bed'"", "" '1 bath'"", "" '\\U000f0004\\n28 Reviews'"", "" '\\U000f0019\\nVerified']""]",2.0, '1 bedroom', '1 bed', '1 bath',1.0,1.0,1.0
59,Appartement 80m2souplex composé au rez-de-chaussée,Entire home,230.0,Alex,104,4.53,"['8 guests', '3 bedrooms', '3 beds', '3 baths', '\U000f0004\n245 Reviews', '\U000f0019\nVerified']","[""['8 guests'"", "" '3 bedrooms'"", "" '3 beds'"", "" '3 baths'"", "" '\\U000f0004\\n245 Reviews'"", "" '\\U000f0019\\nVerified']""]",8.0, '3 bedrooms', '3 beds', '3 baths',3.0,3.0,3.0
60,Devant la Tour Eiffel  et les commerces,Entire home,500.0,Mathilde,14,4.5,"['12 guests', '3 bedrooms', '4 beds', '1 bath', '\U000f0004\n3,217 Reviews', '\U000f0019\nVerified']","[""['12 guests'"", "" '3 bedrooms'"", "" '4 beds'"", "" '1 bath'"", "" '\\U000f0004\\n3"", ""217 Reviews'"", "" '\\U000f0019\\nVerified']""]",12.0, '3 bedrooms', '4 beds', '1 bath',3.0,4.0,1.0
61,1Bedroom 10min from the Eiffel Tower,Entire home,190.0,Vincent,403,4.89,"['5 guests', '1 bedroom', '2 beds', '1 bath', '\U000f0004\n561 Reviews', '\U000f0019\nVerified']","[""['5 guests'"", "" '1 bedroom'"", "" '2 beds'"", "" '1 bath'"", "" '\\U000f0004\\n561 Reviews'"", "" '\\U000f0019\\nVerified']""]",5.0, '1 bedroom', '2 beds', '1 bath',1.0,2.0,1.0
62,Amazing flat in Le Marais-Bastille,Entire home,200.0,Sci,156,4.45,"['8 guests', '4 bedrooms', '5 beds', '1 bath', '\U000f0004\n157 Reviews', '\U000f0019\nVerified']","[""['8 guests'"", "" '4 bedrooms'"", "" '5 beds'"", "" '1 bath'"", "" '\\U000f0004\\n157 Reviews'"", "" '\\U000f0019\\nVerified']""]",8.0, '4 bedrooms', '5 beds', '1 bath',4.0,5.0,1.0
63,Superbe Atelier au cœur d’Alésia ***,Entire home,89.0,Jérémy,22,4.91,"['4 guests', 'Studio', '2 beds', '1 bath', '\U000f0004\n22 Reviews', '\U000f0019\nVerified']","[""['4 guests'"", "" 'Studio'"", "" '2 beds'"", "" '1 bath'"", "" '\\U000f0004\\n22 Reviews'"", "" '\\U000f0019\\nVerified']""]",4.0, 'Studio', '2 beds', '1 bath',0.5,2.0,1.0
64,Sweet & cosy room next to Canal Saint Martin ❤️,Room in hotel,140.0,Alexandra,825,4.68,"['2 guests', '1 bedroom', '1 bed', '1 bath', '\U000f0004\n1,015 Reviews', '\U000f0019\nVerified']","[""['2 guests'"", "" '1 bedroom'"", "" '1 bed'"", "" '1 bath'"", "" '\\U000f0004\\n1"", ""015 Reviews'"", "" '\\U000f0019\\nVerified']""]",2.0, '1 bedroom', '1 bed', '1 bath',1.0,1.0,1.0
65,appartement style loft en rdc,Entire home,80.0,Frederic,55,4.76,"['2 guests', '1 bedroom', '1 bed', '1.5 baths', '\U000f0004\n56 Reviews']","[""['2 guests'"", "" '1 bedroom'"", "" '1 bed'"", "" '1.5 baths'"", "" '\\U000f0004\\n56 Reviews']""]",2.0, '1 bedroom', '1 bed', '1.5 baths',1.0,1.0,1.5
66,Saint Germain - Sorbonne,Entire home,390.0,Thierry,164,4.78,"['6 guests', '2 bedrooms', '3 beds', '1 bath', '\U000f0004\n1,396 Reviews', '\U000f0019\nVerified']","[""['6 guests'"", "" '2 bedrooms'"", "" '3 beds'"", "" '1 bath'"", "" '\\U000f0004\\n1"", ""396 Reviews'"", "" '\\U000f0019\\nVerified']""]",6.0, '2 bedrooms', '3 beds', '1 bath',2.0,3.0,1.0
68,BEAUTIFUL 3ROOMS BETWEEN TROCADERO & CHAMPS ELYSÉE,Entire home,349.0,Igal & Deborah,24,4.67,"['4 guests', '2 bedrooms', '2 beds', '1 bath', '\U000f0004\n141 Reviews', '\U000f0019\nVerified']","[""['4 guests'"", "" '2 bedrooms'"", "" '2 beds'"", "" '1 bath'"", "" '\\U000f0004\\n141 Reviews'"", "" '\\U000f0019\\nVerified']""]",4.0, '2 bedrooms', '2 beds', '1 bath',2.0,2.0,1.0
69,loft 122 m2,Entire home,250.0,Stephane,29,4.69,"['8 guests', '3 bedrooms', '4 beds', '1 bath', '\U000f0004\n29 Reviews', '\U000f0019\nVerified']","[""['8 guests'"", "" '3 bedrooms'"", "" '4 beds'"", "" '1 bath'"", "" '\\U000f0004\\n29 Reviews'"", "" '\\U000f0019\\nVerified']""]",8.0, '3 bedrooms', '4 beds', '1 bath',3.0,4.0,1.0
70,♥ Magnificent apartment near Vilette Ourcq - 10P,Entire home,390.0,Charles,11,5.0,"['10 guests', '3 bedrooms', '5 beds', '2 baths', '\U000f0004\n1,001 Reviews', '\U000f0019\nVerified']","[""['10 guests'"", "" '3 bedrooms'"", "" '5 beds'"", "" '2 baths'"", "" '\\U000f0004\\n1"", ""001 Reviews'"", "" '\\U000f0019\\nVerified']""]",10.0, '3 bedrooms', '5 beds', '2 baths',3.0,5.0,2.0
71,Centre paris,Entire home,193.0,Anna,4,4.75,"['8 guests', '2 bedrooms', '4 beds', '1 bath', '\U000f0004\n4 Reviews']","[""['8 guests'"", "" '2 bedrooms'"", "" '4 beds'"", "" '1 bath'"", "" '\\U000f0004\\n4 Reviews']""]",8.0, '2 bedrooms', '4 beds', '1 bath',2.0,4.0,1.0
72,5th Heaven: Haussmanian Paris Outside Your Door,Entire home,199.0,Charlotte,19,3.79,"['6 guests', '2 bedrooms', '3 beds', '1 bath', '\U000f0004\n19 Reviews']","[""['6 guests'"", "" '2 bedrooms'"", "" '3 beds'"", "" '1 bath'"", "" '\\U000f0004\\n19 Reviews']""]",6.0, '2 bedrooms', '3 beds', '1 bath',2.0,3.0,1.0
73,"Paris 16, Trocadéro",Private room in condominium,70.0,Christophe,163,4.85,"['2 guests', '1 bedroom', '2 beds', '1 shared bath', '\U000f0004\n164 Reviews', '\U000f0019\nVerified']","[""['2 guests'"", "" '1 bedroom'"", "" '2 beds'"", "" '1 shared bath'"", "" '\\U000f0004\\n164 Reviews'"", "" '\\U000f0019\\nVerified']""]",2.0, '1 bedroom', '2 beds', '1 shared bath',1.0,2.0,1.0
76,Sublime and new apartment center of Paris,Entire home,252.0,Michael & Johanna,32,4.38,"['6 guests', '2 bedrooms', '3 beds', '1 bath', '\U000f0004\n5,963 Reviews', '\U000f0019\nVerified']","[""['6 guests'"", "" '2 bedrooms'"", "" '3 beds'"", "" '1 bath'"", "" '\\U000f0004\\n5"", ""963 Reviews'"", "" '\\U000f0019\\nVerified']""]",6.0, '2 bedrooms', '3 beds', '1 bath',2.0,3.0,1.0
77,Room - Charming apartment Latin Quarter,Private room in apartment,58.0,Claire,283,4.63,"['2 guests', '1 bedroom', '1 bed', '1.5 shared baths', '\U000f0004\n323 Reviews', '\U000f0019\nVerified']","[""['2 guests'"", "" '1 bedroom'"", "" '1 bed'"", "" '1.5 shared baths'"", "" '\\U000f0004\\n323 Reviews'"", "" '\\U000f0019\\nVerified']""]",2.0, '1 bedroom', '1 bed', '1.5 shared baths',1.0,1.0,1.5
78,Heart of Moulin Rouge,Entire home,223.0,Ari,38,4.55,"['6 guests', '2 bedrooms', '3 beds', '2 baths', '\U000f0004\n1,392 Reviews', '\U000f0019\nVerified']","[""['6 guests'"", "" '2 bedrooms'"", "" '3 beds'"", "" '2 baths'"", "" '\\U000f0004\\n1"", ""392 Reviews'"", "" '\\U000f0019\\nVerified']""]",6.0, '2 bedrooms', '3 beds', '2 baths',2.0,3.0,2.0
79,"Cosy home, 2 bathrooms, close to the Eiffel Tower",Entire home,190.0,Vincent,67,4.91,"['4 guests', '1 bedroom', '2 beds', '2 baths', '\U000f0004\n561 Reviews', '\U000f0019\nVerified']","[""['4 guests'"", "" '1 bedroom'"", "" '2 beds'"", "" '2 baths'"", "" '\\U000f0004\\n561 Reviews'"", "" '\\U000f0019\\nVerified']""]",4.0, '1 bedroom', '2 beds', '2 baths',1.0,2.0,2.0
80,LOVELY APPARTMENT LAFAYETTE - 5P,Entire home,185.0,Clara,19,4.53,"['5 guests', '1 bedroom', '3 beds', '1 bath', '\U000f0004\n1,358 Reviews', '\U000f0019\nVerified']","[""['5 guests'"", "" '1 bedroom'"", "" '3 beds'"", "" '1 bath'"", "" '\\U000f0004\\n1"", ""358 Reviews'"", "" '\\U000f0019\\nVerified']""]",5.0, '1 bedroom', '3 beds', '1 bath',1.0,3.0,1.0
84,VIEW EIFFEL TOWER / 1MN BY WALK TO EIFFEL TOWER,Entire home,140.0,Andrea,44,4.27,"['4 guests', '1 bedroom', '2 beds', '1 bath', '\U000f0004\n65 Reviews', '\U000f0019\nVerified']","[""['4 guests'"", "" '1 bedroom'"", "" '2 beds'"", "" '1 bath'"", "" '\\U000f0004\\n65 Reviews'"", "" '\\U000f0019\\nVerified']""]",4.0, '1 bedroom', '2 beds', '1 bath',1.0,2.0,1.0
85,Chambre au calme à Paris,Private room in apartment,27.0,Renaudon,151,4.68,"['1 guest', 'Studio', '1 bed', '1 shared bath', '\U000f0004\n155 Reviews', '\U000f0019\nVerified']","[""['1 guest'"", "" 'Studio'"", "" '1 bed'"", "" '1 shared bath'"", "" '\\U000f0004\\n155 Reviews'"", "" '\\U000f0019\\nVerified']""]",1.0, 'Studio', '1 bed', '1 shared bath',0.5,1.0,1.0
87,"Appartement Cosy, parking gratuit protégé, Paris",Entire home,149.0,Anne Et Frédéric,222,4.69,"['6 guests', '2 bedrooms', '3 beds', '1 bath', '\U000f0004\n222 Reviews', '\U000f0019\nVerified']","[""['6 guests'"", "" '2 bedrooms'"", "" '3 beds'"", "" '1 bath'"", "" '\\U000f0004\\n222 Reviews'"", "" '\\U000f0019\\nVerified']""]",6.0, '2 bedrooms', '3 beds', '1 bath',2.0,3.0,1.0
88,appartement cosy de 42m2 proche Paris,Entire home,80.0,Laho,160,4.91,"['4 guests', '1 bedroom', '2 beds', '1 bath', '\U000f0004\n284 Reviews', '\U000f0019\nVerified']","[""['4 guests'"", "" '1 bedroom'"", "" '2 beds'"", "" '1 bath'"", "" '\\U000f0004\\n284 Reviews'"", "" '\\U000f0019\\nVerified']""]",4.0, '1 bedroom', '2 beds', '1 bath',1.0,2.0,1.0
90,Chambre calme dans un logement neuf,Private room in condominium,27.0,Ludivine,10,4.9,"['1 guest', '1 bedroom', '1 bed', '1 shared bath', '\U000f0004\n10 Reviews', '\U000f0019\nVerified']","[""['1 guest'"", "" '1 bedroom'"", "" '1 bed'"", "" '1 shared bath'"", "" '\\U000f0004\\n10 Reviews'"", "" '\\U000f0019\\nVerified']""]",1.0, '1 bedroom', '1 bed', '1 shared bath',1.0,1.0,1.0
91,"Hippodrome d’Auteuil , Penthouse, Luxe",Entire home,169.0,Lucy,4,3.67,"['4 guests', '1 bedroom', '4 beds', '1 bath', '\U000f0004\n4 Reviews', '\U000f0019\nVerified']","[""['4 guests'"", "" '1 bedroom'"", "" '4 beds'"", "" '1 bath'"", "" '\\U000f0004\\n4 Reviews'"", "" '\\U000f0019\\nVerified']""]",4.0, '1 bedroom', '4 beds', '1 bath',1.0,4.0,1.0
92,Private suite for 2,Private room in apartment,60.0,Berenice,340,4.79,"['2 guests', '1 bedroom', '1 bed', '1 private bath', '\U000f0004\n340 Reviews', '\U000f0019\nVerified']","[""['2 guests'"", "" '1 bedroom'"", "" '1 bed'"", "" '1 private bath'"", "" '\\U000f0004\\n340 Reviews'"", "" '\\U000f0019\\nVerified']""]",2.0, '1 bedroom', '1 bed', '1 private bath',1.0,1.0,1.0
93,Cosy Room Paris Center in the Marais,Private room in apartment,86.0,Franck,349,4.84,"['2 guests', '1 bedroom', '1 bed', '1.5 baths', '\U000f0004\n349 Reviews', '\U000f1101\n4 References', '\U000f0019\nVerified']","[""['2 guests'"", "" '1 bedroom'"", "" '1 bed'"", "" '1.5 baths'"", "" '\\U000f0004\\n349 Reviews'"", "" '\\U000f1101\\n4 References'"", "" '\\U000f0019\\nVerified']""]",2.0, '1 bedroom', '1 bed', '1.5 baths',1.0,1.0,1.5
94,Un charmant appartement dans Paris,Entire home,146.0,Virginie,8,4.88,"['4 guests', '2 bedrooms', '3 beds', '1 bath', '\U000f0004\n8 Reviews']","[""['4 guests'"", "" '2 bedrooms'"", "" '3 beds'"", "" '1 bath'"", "" '\\U000f0004\\n8 Reviews']""]",4.0, '2 bedrooms', '3 beds', '1 bath',2.0,3.0,1.0
95,Exceptional Place in the center of Marais,Entire home,324.0,Stanley,16,4.56,"['4 guests', '2 bedrooms', '3 beds', '1 bath', '\U000f0004\n5,746 Reviews', '\U000f0019\nVerified']","[""['4 guests'"", "" '2 bedrooms'"", "" '3 beds'"", "" '1 bath'"", "" '\\U000f0004\\n5"", ""746 Reviews'"", "" '\\U000f0019\\nVerified']""]",4.0, '2 bedrooms', '3 beds', '1 bath',2.0,3.0,1.0
96,MARAIS - REPUBLIQUE- 6 PEOPLE,Entire home,299.0,Clara,100,4.14,"['6 guests', '2 bedrooms', '3 beds', '2 baths', '\U000f0004\n1,358 Reviews', '\U000f0019\nVerified']","[""['6 guests'"", "" '2 bedrooms'"", "" '3 beds'"", "" '2 baths'"", "" '\\U000f0004\\n1"", ""358 Reviews'"", "" '\\U000f0019\\nVerified']""]",6.0, '2 bedrooms', '3 beds', '2 baths',2.0,3.0,2.0
97,"Beatiful Flat Next Eiffel Tower, Champs Elysées",Entire home,110.0,Benjamin,70,4.51,"['2 guests', '1 bedroom', '1 bed', '1 bath', '\U000f0004\n303 Reviews', '\U000f0019\nVerified']","[""['2 guests'"", "" '1 bedroom'"", "" '1 bed'"", "" '1 bath'"", "" '\\U000f0004\\n303 Reviews'"", "" '\\U000f0019\\nVerified']""]",2.0, '1 bedroom', '1 bed', '1 bath',1.0,1.0,1.0
99,Studio girly à partager a Paris,Shared room in apartment,20.0,Romane,52,4.57,"['1 guest', '1 bedroom', '2 beds', '1 shared bath', '\U000f0004\n59 Reviews', '\U000f0019\nVerified']","[""['1 guest'"", "" '1 bedroom'"", "" '2 beds'"", "" '1 shared bath'"", "" '\\U000f0004\\n59 Reviews'"", "" '\\U000f0019\\nVerified']""]",1.0, '1 bedroom', '2 beds', '1 shared bath',1.0,2.0,1.0
100,Home sweet home in Montmartre,Entire home,138.0,Elodie & Franck,105,4.28,"['8 guests', '1 bedroom', '6 beds', '1 bath', '\U000f0004\n114 Reviews', '\U000f0019\nVerified']","[""['8 guests'"", "" '1 bedroom'"", "" '6 beds'"", "" '1 bath'"", "" '\\U000f0004\\n114 Reviews'"", "" '\\U000f0019\\nVerified']""]",8.0, '1 bedroom', '6 beds', '1 bath',1.0,6.0,1.0
101,HOTEL RICHMOND GARE DU NORD,Private room,55.0,Hotel,191,4.08,"['2 guests', '1 bedroom', '1 bed', '1 private bath', '\U000f0004\n378 Reviews', '\U000f0019\nVerified']","[""['2 guests'"", "" '1 bedroom'"", "" '1 bed'"", "" '1 private bath'"", "" '\\U000f0004\\n378 Reviews'"", "" '\\U000f0019\\nVerified']""]",2.0, '1 bedroom', '1 bed', '1 private bath',1.0,1.0,1.0
102,The Trocadero - 350m2 - 6 rooms - full equiped!,Entire home,1000.0,David,3,5.0,"['12 guests', '6 bedrooms', '10 beds', '5 baths', '\U000f0004\n19 Reviews', '\U000f0019\nVerified']","[""['12 guests'"", "" '6 bedrooms'"", "" '10 beds'"", "" '5 baths'"", "" '\\U000f0004\\n19 Reviews'"", "" '\\U000f0019\\nVerified']""]",12.0, '6 bedrooms', '10 beds', '5 baths',6.0,10.0,5.0
103,Appartement Cosy Parisien,Entire home,90.0,Jovic,85,4.88,"['3 guests', '1 bedroom', '2 beds', '1 bath', '\U000f0004\n85 Reviews', '\U000f0019\nVerified']","[""['3 guests'"", "" '1 bedroom'"", "" '2 beds'"", "" '1 bath'"", "" '\\U000f0004\\n85 Reviews'"", "" '\\U000f0019\\nVerified']""]",3.0, '1 bedroom', '2 beds', '1 bath',1.0,2.0,1.0
105,"Jolie Appartement, avec vue sur la tour Eiffel",Entire home,84.0,Mohamed,91,4.87,"['2 guests', '1 bedroom', '1 bed', '1 bath', '\U000f0004\n188 Reviews', '\U000f0019\nVerified']","[""['2 guests'"", "" '1 bedroom'"", "" '1 bed'"", "" '1 bath'"", "" '\\U000f0004\\n188 Reviews'"", "" '\\U000f0019\\nVerified']""]",2.0, '1 bedroom', '1 bed', '1 bath',1.0,1.0,1.0
106,Nice flat very close Métro 7 and Paris,Entire home,66.0,Daniela,52,4.9,"['3 guests', 'Studio', '2 beds', '1 bath', '\U000f0004\n359 Reviews', '\U000f0019\nVerified']","[""['3 guests'"", "" 'Studio'"", "" '2 beds'"", "" '1 bath'"", "" '\\U000f0004\\n359 Reviews'"", "" '\\U000f0019\\nVerified']""]",3.0, 'Studio', '2 beds', '1 bath',0.5,2.0,1.0
107,NICE & COSY A FEW MINUTES FROM TROCADERO 4P,Entire home,369.0,Igal & Deborah,33,4.73,"['4 guests', '2 bedrooms', '2 beds', '1 bath', '\U000f0004\n141 Reviews', '\U000f0019\nVerified']","[""['4 guests'"", "" '2 bedrooms'"", "" '2 beds'"", "" '1 bath'"", "" '\\U000f0004\\n141 Reviews'"", "" '\\U000f0019\\nVerified']""]",4.0, '2 bedrooms', '2 beds', '1 bath',2.0,2.0,1.0
108,A lovely Studio in a historical building for 3,Entire home,113.0,Michel,41,4.8,"['3 guests', 'Studio', '2 beds', '1 bath', '\U000f0004\n87 Reviews', '\U000f0019\nVerified']","[""['3 guests'"", "" 'Studio'"", "" '2 beds'"", "" '1 bath'"", "" '\\U000f0004\\n87 Reviews'"", "" '\\U000f0019\\nVerified']""]",3.0, 'Studio', '2 beds', '1 bath',0.5,2.0,1.0
110,Chambre privée en plein centre de Paris,Private room in apartment,40.0,Sonny,124,4.31,"['2 guests', '1 bedroom', '1 bed', '1 shared bath', '\U000f0004\n124 Reviews']","[""['2 guests'"", "" '1 bedroom'"", "" '1 bed'"", "" '1 shared bath'"", "" '\\U000f0004\\n124 Reviews']""]",2.0, '1 bedroom', '1 bed', '1 shared bath',1.0,1.0,1.0
111,❤️Charming & Design House - 5min Opera & Louvre,Entire home,250.0,Raphael,89,4.64,"['6 guests', '2 bedrooms', '3 beds', '2 baths', '\U000f0004\n451 Reviews', '\U000f1101\n4 References', '\U000f0019\nVerified']","[""['6 guests'"", "" '2 bedrooms'"", "" '3 beds'"", "" '2 baths'"", "" '\\U000f0004\\n451 Reviews'"", "" '\\U000f1101\\n4 References'"", "" '\\U000f0019\\nVerified']""]",6.0, '2 bedrooms', '3 beds', '2 baths',2.0,3.0,2.0
114,Modern/New Apartment in Central Paris,Entire home,105.0,小天,9,4.56,"['3 guests', '1 bedroom', '2 beds', '1 bath', '\U000f0004\n9 Reviews', '\U000f0019\nVerified']","[""['3 guests'"", "" '1 bedroom'"", "" '2 beds'"", "" '1 bath'"", "" '\\U000f0004\\n9 Reviews'"", "" '\\U000f0019\\nVerified']""]",3.0, '1 bedroom', '2 beds', '1 bath',1.0,2.0,1.0
115,T/ 4P IDEAL LOCATION IN FRONT OF ARC DE TRIOMPHE,Entire home,299.0,Yi & Deborah,29,4.45,"['4 guests', '2 bedrooms', '2 beds', '1 bath', '\U000f0004\n68 Reviews', '\U000f0019\nVerified']","[""['4 guests'"", "" '2 bedrooms'"", "" '2 beds'"", "" '1 bath'"", "" '\\U000f0004\\n68 Reviews'"", "" '\\U000f0019\\nVerified']""]",4.0, '2 bedrooms', '2 beds', '1 bath',2.0,2.0,1.0
116,A bedroom near the Eiffel Tower.,Private room in apartment,55.0,Laure,320,4.61,"['2 guests', '1 bedroom', '2 beds', '1 shared bath', '\U000f0004\n320 Reviews', '\U000f0019\nVerified']","[""['2 guests'"", "" '1 bedroom'"", "" '2 beds'"", "" '1 shared bath'"", "" '\\U000f0004\\n320 Reviews'"", "" '\\U000f0019\\nVerified']""]",2.0, '1 bedroom', '2 beds', '1 shared bath',1.0,2.0,1.0
117,Chambre Simple - Salle de bains commune,Room in hotel,48.0,Jofre,28,4.68,"['1 guest', '1 bedroom', '1 bed', '0 shared baths', '\U000f0004\n35 Reviews', '\U000f0019\nVerified']","[""['1 guest'"", "" '1 bedroom'"", "" '1 bed'"", "" '0 shared baths'"", "" '\\U000f0004\\n35 Reviews'"", "" '\\U000f0019\\nVerified']""]",1.0, '1 bedroom', '1 bed', '0 shared baths',1.0,1.0,0.0
119,Beautiful Room 5mn Charles de Gaulle Airport,Private room in house,42.0,Elsa,18,4.94,"['2 guests', '1 bedroom', '1 bed', '1 private bath', '\U000f0004\n148 Reviews', '\U000f0019\nVerified']","[""['2 guests'"", "" '1 bedroom'"", "" '1 bed'"", "" '1 private bath'"", "" '\\U000f0004\\n148 Reviews'"", "" '\\U000f0019\\nVerified']""]",2.0, '1 bedroom', '1 bed', '1 private bath',1.0,1.0,1.0
120,Lovely Quiet ROOM Gare de l'Est + Nord - NO LIFT!,Private room in apartment,55.0,Dominique,208,4.83,"['1 guest', '1 bedroom', '1 bed', '1 shared bath', '\U000f0004\n245 Reviews', '\U000f0019\nVerified']","[""['1 guest'"", "" '1 bedroom'"", "" '1 bed'"", "" '1 shared bath'"", "" '\\U000f0004\\n245 Reviews'"", "" '\\U000f0019\\nVerified']""]",1.0, '1 bedroom', '1 bed', '1 shared bath',1.0,1.0,1.0
122,Cosy loft / apartment ~ Ile Saint Louis,Entire home,150.0,Lionel,313,4.08,"['5 guests', '2 bedrooms', '3 beds', '1 bath', '\U000f0004\n1,314 Reviews', '\U000f0019\nVerified']","[""['5 guests'"", "" '2 bedrooms'"", "" '3 beds'"", "" '1 bath'"", "" '\\U000f0004\\n1"", ""314 Reviews'"", "" '\\U000f0019\\nVerified']""]",5.0, '2 bedrooms', '3 beds', '1 bath',2.0,3.0,1.0
124,Nice appartment on an island (bed & breakfast),Private room in bed and breakfast,100.0,Jérémy,455,4.62,"['2 guests', '1 bedroom', '1 bed', '1 shared bath', '\U000f0004\n455 Reviews', '\U000f0019\nVerified']","[""['2 guests'"", "" '1 bedroom'"", "" '1 bed'"", "" '1 shared bath'"", "" '\\U000f0004\\n455 Reviews'"", "" '\\U000f0019\\nVerified']""]",2.0, '1 bedroom', '1 bed', '1 shared bath',1.0,1.0,1.0
125,"L’appartement aux miroirs, quartier Belleville",Entire home,400.0,Mathilde,26,4.19,"['12 guests', '3 bedrooms', '6 beds', '2 baths', '\U000f0004\n3,217 Reviews', '\U000f0019\nVerified']","[""['12 guests'"", "" '3 bedrooms'"", "" '6 beds'"", "" '2 baths'"", "" '\\U000f0004\\n3"", ""217 Reviews'"", "" '\\U000f0019\\nVerified']""]",12.0, '3 bedrooms', '6 beds', '2 baths',3.0,6.0,2.0
126,Chambre sympa et chaleureuse à Paris,Private room in apartment,50.0,Maryam,212,4.91,"['1 guest', '1 bedroom', '0 beds', '1 shared bath', '\U000f0004\n212 Reviews']","[""['1 guest'"", "" '1 bedroom'"", "" '0 beds'"", "" '1 shared bath'"", "" '\\U000f0004\\n212 Reviews']""]",1.0, '1 bedroom', '0 beds', '1 shared bath',1.0,0.0,1.0
127,Amazing apartment - 6P/2BR - Canal Saint Martin -4,Entire home,362.0,Jo & Lola,8,4.75,"['6 guests', '2 bedrooms', '3 beds', '2 baths', '\U000f0004\n29 Reviews', '\U000f0019\nVerified']","[""['6 guests'"", "" '2 bedrooms'"", "" '3 beds'"", "" '2 baths'"", "" '\\U000f0004\\n29 Reviews'"", "" '\\U000f0019\\nVerified']""]",6.0, '2 bedrooms', '3 beds', '2 baths',2.0,3.0,2.0
129,"2' from subway, friendly host, breakfast inc",Shared room in apartment,45.0,Carla.,80,4.81,"['1 guest', '1 bedroom', '1 bed', '1 shared bath', '\U000f0004\n178 Reviews', '\U000f0019\nVerified']","[""['1 guest'"", "" '1 bedroom'"", "" '1 bed'"", "" '1 shared bath'"", "" '\\U000f0004\\n178 Reviews'"", "" '\\U000f0019\\nVerified']""]",1.0, '1 bedroom', '1 bed', '1 shared bath',1.0,1.0,1.0
130,"Beautiful, modern and spacious apartment",Entire home,226.0,Joseph,100,4.74,"['6 guests', '2 bedrooms', '2 beds', '1 bath', '\U000f0004\n165 Reviews']","[""['6 guests'"", "" '2 bedrooms'"", "" '2 beds'"", "" '1 bath'"", "" '\\U000f0004\\n165 Reviews']""]",6.0, '2 bedrooms', '2 beds', '1 bath',2.0,2.0,1.0
132,Saint-Honoré Luxury Apartment 3 Bedrooms,Entire home,500.0,Ilan,70,4.83,"['6 guests', '3 bedrooms', '3 beds', '2.5 baths', '\U000f0004\n70 Reviews', '\U000f0019\nVerified']","[""['6 guests'"", "" '3 bedrooms'"", "" '3 beds'"", "" '2.5 baths'"", "" '\\U000f0004\\n70 Reviews'"", "" '\\U000f0019\\nVerified']""]",6.0, '3 bedrooms', '3 beds', '2.5 baths',3.0,3.0,2.5
134,AMAZING LITTLE HOUSE 5MIN FROM EIFFEL TOWER,Entire home,169.0,Michel & Diane,169,4.7,"['4 guests', '1 bedroom', '1 bed', '1.5 baths', '\U000f0004\n337 Reviews', '\U000f0019\nVerified']","[""['4 guests'"", "" '1 bedroom'"", "" '1 bed'"", "" '1.5 baths'"", "" '\\U000f0004\\n337 Reviews'"", "" '\\U000f0019\\nVerified']""]",4.0, '1 bedroom', '1 bed', '1.5 baths',1.0,1.0,1.5
135,AMAZING DUPLEX IN THE HEART OF MONTMARTRE 4/6P,Entire home,359.0,Diane & Déborah,88,4.72,"['6 guests', '2 bedrooms', '3 beds', '2 baths', '\U000f0004\n1,213 Reviews', '\U000f0019\nVerified']","[""['6 guests'"", "" '2 bedrooms'"", "" '3 beds'"", "" '2 baths'"", "" '\\U000f0004\\n1"", ""213 Reviews'"", "" '\\U000f0019\\nVerified']""]",6.0, '2 bedrooms', '3 beds', '2 baths',2.0,3.0,2.0
136,Chambre privée cosy sur cour 11e (girls only),Private room in apartment,50.0,Claire,11,5.0,"['1 guest', '1 bedroom', '1 bed', '1 shared bath', '\U000f0004\n11 Reviews', '\U000f0019\nVerified']","[""['1 guest'"", "" '1 bedroom'"", "" '1 bed'"", "" '1 shared bath'"", "" '\\U000f0004\\n11 Reviews'"", "" '\\U000f0019\\nVerified']""]",1.0, '1 bedroom', '1 bed', '1 shared bath',1.0,1.0,1.0
138,Chambre indépendante à deux pas du Château,Private room in house,55.0,Béatrice,183,4.77,"['2 guests', '1 bedroom', '1 bed', '1 private bath', '\U000f0004\n183 Reviews', '\U000f0019\nVerified']","[""['2 guests'"", "" '1 bedroom'"", "" '1 bed'"", "" '1 private bath'"", "" '\\U000f0004\\n183 Reviews'"", "" '\\U000f0019\\nVerified']""]",2.0, '1 bedroom', '1 bed', '1 private bath',1.0,1.0,1.0
139,Wonderful and Cosy - Heart of Paris / Oberkampf,Entire home,90.0,Alexandre,20,4.5,"['4 guests', 'Studio', '2 beds', '1 bath', '\U000f0004\n20 Reviews', '\U000f0019\nVerified']","[""['4 guests'"", "" 'Studio'"", "" '2 beds'"", "" '1 bath'"", "" '\\U000f0004\\n20 Reviews'"", "" '\\U000f0019\\nVerified']""]",4.0, 'Studio', '2 beds', '1 bath',0.5,2.0,1.0
140,top suite B&B Paris Bruno&Bastille,Private room in bed and breakfast,115.0,Bruno,108,4.91,"['2 guests', '1 bedroom', '1 bed', '1 private bath', '\U000f0004\n110 Reviews', '\U000f1101\n9 References', '\U000f0019\nVerified']","[""['2 guests'"", "" '1 bedroom'"", "" '1 bed'"", "" '1 private bath'"", "" '\\U000f0004\\n110 Reviews'"", "" '\\U000f1101\\n9 References'"", "" '\\U000f0019\\nVerified']""]",2.0, '1 bedroom', '1 bed', '1 private bath',1.0,1.0,1.0
141,Paris-Rosny s/bois-Privatna soba-Potkrovlje,Private room in townhouse,17.0,Vojislav,87,4.5,"['2 guests', '1 bedroom', '1 bed', '1.5 shared baths', '\U000f0004\n231 Reviews', '\U000f0019\nVerified']","[""['2 guests'"", "" '1 bedroom'"", "" '1 bed'"", "" '1.5 shared baths'"", "" '\\U000f0004\\n231 Reviews'"", "" '\\U000f0019\\nVerified']""]",2.0, '1 bedroom', '1 bed', '1.5 shared baths',1.0,1.0,1.5
142,Cosy Nest on Eiffel Tower,Entire home,79.0,Ludo,6,4.33,"['2 guests', 'Studio', '1 bed', '1 bath', '\U000f0004\n6 Reviews', '\U000f0019\nVerified']","[""['2 guests'"", "" 'Studio'"", "" '1 bed'"", "" '1 bath'"", "" '\\U000f0004\\n6 Reviews'"", "" '\\U000f0019\\nVerified']""]",2.0, 'Studio', '1 bed', '1 bath',0.5,1.0,1.0
144,Small Luxurious Room in the heart of Saint Germain,Entire home,65.0,Fosca,218,4.27,"['1 guest', '1 bedroom', '1 bed', '1 bath', '\U000f0004\n225 Reviews', '\U000f0019\nVerified']","[""['1 guest'"", "" '1 bedroom'"", "" '1 bed'"", "" '1 bath'"", "" '\\U000f0004\\n225 Reviews'"", "" '\\U000f0019\\nVerified']""]",1.0, '1 bedroom', '1 bed', '1 bath',1.0,1.0,1.0
145,Lanneau12,Private room in apartment,65.0,Myriam,194,4.42,"['1 guest', '1 bedroom', '1 bed', '1 shared bath', '\U000f0004\n194 Reviews', '\U000f0019\nVerified']","[""['1 guest'"", "" '1 bedroom'"", "" '1 bed'"", "" '1 shared bath'"", "" '\\U000f0004\\n194 Reviews'"", "" '\\U000f0019\\nVerified']""]",1.0, '1 bedroom', '1 bed', '1 shared bath',1.0,1.0,1.0
146,Elegant Suite in the heart of Paris,Private room in apartment,130.0,César,52,4.77,"['4 guests', '1 bedroom', '2 beds', '1 shared bath', '\U000f0004\n394 Reviews', '\U000f0019\nVerified']","[""['4 guests'"", "" '1 bedroom'"", "" '2 beds'"", "" '1 shared bath'"", "" '\\U000f0004\\n394 Reviews'"", "" '\\U000f0019\\nVerified']""]",4.0, '1 bedroom', '2 beds', '1 shared bath',1.0,2.0,1.0
147,Bel appartement avec terrasse proche de Gambetta,Entire home,85.0,Philippe,38,4.97,"['3 guests', '1 bedroom', '2 beds', '1 bath', '\U000f0004\n49 Reviews', '\U000f0019\nVerified']","[""['3 guests'"", "" '1 bedroom'"", "" '2 beds'"", "" '1 bath'"", "" '\\U000f0004\\n49 Reviews'"", "" '\\U000f0019\\nVerified']""]",3.0, '1 bedroom', '2 beds', '1 bath',1.0,2.0,1.0
148,Studio (full)- 5 min walk from Eiffel Tower,Private room in apartment,125.0,Vinay,10,5.0,"['4 guests', 'Studio', '3 beds', '1 private bath', '\U000f0004\n43 Reviews', '\U000f0019\nVerified']","[""['4 guests'"", "" 'Studio'"", "" '3 beds'"", "" '1 private bath'"", "" '\\U000f0004\\n43 Reviews'"", "" '\\U000f0019\\nVerified']""]",4.0, 'Studio', '3 beds', '1 private bath',0.5,3.0,1.0
149,Appartement pour 6 personnes#Porte de Versailles,Entire home,125.0,Imane,14,4.64,"['6 guests', '2 bedrooms', '2 beds', '1 bath', '\U000f0004\n297 Reviews', '\U000f0019\nVerified']","[""['6 guests'"", "" '2 bedrooms'"", "" '2 beds'"", "" '1 bath'"", "" '\\U000f0004\\n297 Reviews'"", "" '\\U000f0019\\nVerified']""]",6.0, '2 bedrooms', '2 beds', '1 bath',2.0,2.0,1.0
150,Luxury Flat EIFFEL tower & River Seine,Entire home,500.0,Emmanuelle,266,4.72,"['6 guests', '3 bedrooms', '4 beds', '1 bath', '\U000f0004\n340 Reviews', '\U000f0019\nVerified']","[""['6 guests'"", "" '3 bedrooms'"", "" '4 beds'"", "" '1 bath'"", "" '\\U000f0004\\n340 Reviews'"", "" '\\U000f0019\\nVerified']""]",6.0, '3 bedrooms', '4 beds', '1 bath',3.0,4.0,1.0
151,BATIGNOLLES Charming and Cozy Appartment for 8p,Entire home,350.0,Misha,15,4.93,"['8 guests', '2 bedrooms', '2 beds', '1 bath', '\U000f0004\n212 Reviews', '\U000f0019\nVerified']","[""['8 guests'"", "" '2 bedrooms'"", "" '2 beds'"", "" '1 bath'"", "" '\\U000f0004\\n212 Reviews'"", "" '\\U000f0019\\nVerified']""]",8.0, '2 bedrooms', '2 beds', '1 bath',2.0,2.0,1.0
152,Chic appart. proche Paris et Stade de France,Entire home,57.0,Daniela,104,4.88,"['3 guests', '1 bedroom', '2 beds', '1.5 baths', '\U000f0004\n359 Reviews', '\U000f0019\nVerified']","[""['3 guests'"", "" '1 bedroom'"", "" '2 beds'"", "" '1.5 baths'"", "" '\\U000f0004\\n359 Reviews'"", "" '\\U000f0019\\nVerified']""]",3.0, '1 bedroom', '2 beds', '1.5 baths',1.0,2.0,1.5
153,STUDIO PROCHE TOUR EIFFEL,Entire home,75.0,Antoine,15,4.71,"['2 guests', 'Studio', '1 bed', '1 bath', '\U000f0004\n15 Reviews', '\U000f0019\nVerified']","[""['2 guests'"", "" 'Studio'"", "" '1 bed'"", "" '1 bath'"", "" '\\U000f0004\\n15 Reviews'"", "" '\\U000f0019\\nVerified']""]",2.0, 'Studio', '1 bed', '1 bath',0.5,1.0,1.0
161,Appartement Cozy à 10 mn de la Tour Eiffel !,Entire home,59.0,Julien,7,4.67,"['2 guests', 'Studio', '1 bed', '1 bath', '\U000f0004\n7 Reviews', '\U000f0019\nVerified']","[""['2 guests'"", "" 'Studio'"", "" '1 bed'"", "" '1 bath'"", "" '\\U000f0004\\n7 Reviews'"", "" '\\U000f0019\\nVerified']""]",2.0, 'Studio', '1 bed', '1 bath',0.5,1.0,1.0
162,magnifique appartement au coeur du 11eme,Entire home,95.0,Toledano,75,4.61,"['4 guests', 'Studio', '1 bed', '1 bath', '\U000f0004\n75 Reviews', '\U000f0019\nVerified']","[""['4 guests'"", "" 'Studio'"", "" '1 bed'"", "" '1 bath'"", "" '\\U000f0004\\n75 Reviews'"", "" '\\U000f0019\\nVerified']""]",4.0, 'Studio', '1 bed', '1 bath',0.5,1.0,1.0
163,"Ideal pour une nuit, petit cocon tres calme",Private room in bed and breakfast,16.0,Sane,9,4.78,"['1 guest', '1 bedroom', '0 beds', '1 shared bath', '\U000f0004\n38 Reviews', '\U000f0019\nVerified']","[""['1 guest'"", "" '1 bedroom'"", "" '0 beds'"", "" '1 shared bath'"", "" '\\U000f0004\\n38 Reviews'"", "" '\\U000f0019\\nVerified']""]",1.0, '1 bedroom', '0 beds', '1 shared bath',1.0,0.0,1.0
164,Channel Your Inner Parisian In This Amazing Flat !,Entire home,199.0,Helene,13,3.55,"['6 guests', '2 bedrooms', '3 beds', '1 bath', '\U000f0004\n13 Reviews']","[""['6 guests'"", "" '2 bedrooms'"", "" '3 beds'"", "" '1 bath'"", "" '\\U000f0004\\n13 Reviews']""]",6.0, '2 bedrooms', '3 beds', '1 bath',2.0,3.0,1.0
165,♥ Chic apartment near Eiffel Tower - 6P,Entire home,405.0,Charles,94,4.73,"['6 guests', '2 bedrooms', '4 beds', '1 bath', '\U000f0004\n1,001 Reviews', '\U000f0019\nVerified']","[""['6 guests'"", "" '2 bedrooms'"", "" '4 beds'"", "" '1 bath'"", "" '\\U000f0004\\n1"", ""001 Reviews'"", "" '\\U000f0019\\nVerified']""]",6.0, '2 bedrooms', '4 beds', '1 bath',2.0,4.0,1.0
166,Luxury 8 bedrooms Home (10 min Parc des Expos),Entire home,400.0,Yohan,6,4.83,"['16+ guests', '8 bedrooms', '8 beds', '2 baths', '\U000f0004\n32 Reviews', '\U000f0019\nVerified']","[""['16+ guests'"", "" '8 bedrooms'"", "" '8 beds'"", "" '2 baths'"", "" '\\U000f0004\\n32 Reviews'"", "" '\\U000f0019\\nVerified']""]",16.0, '8 bedrooms', '8 beds', '2 baths',8.0,8.0,2.0
167,Lovely apartment in Porte de versailles/Paris Expo,Entire home,144.0,Maria,13,4.55,"['7 guests', '2 bedrooms', '5 beds', '1.5 baths', '\U000f0004\n33 Reviews']","[""['7 guests'"", "" '2 bedrooms'"", "" '5 beds'"", "" '1.5 baths'"", "" '\\U000f0004\\n33 Reviews']""]",7.0, '2 bedrooms', '5 beds', '1.5 baths',2.0,5.0,1.5
168,"New flat Oberkampf, fully renovated",Entire home,88.0,Louis,151,4.68,"['6 guests', '2 bedrooms', '2 beds', '1 bath', '\U000f0004\n283 Reviews', '\U000f0019\nVerified']","[""['6 guests'"", "" '2 bedrooms'"", "" '2 beds'"", "" '1 bath'"", "" '\\U000f0004\\n283 Reviews'"", "" '\\U000f0019\\nVerified']""]",6.0, '2 bedrooms', '2 beds', '1 bath',2.0,2.0,1.0
169,Baroque And Chic Apartment In Heart Of Montmartre,Entire home,129.0,Caro,3,5.0,"['4 guests', '1 bedroom', '2 beds', '1 bath', '\U000f0004\n3 Reviews']","[""['4 guests'"", "" '1 bedroom'"", "" '2 beds'"", "" '1 bath'"", "" '\\U000f0004\\n3 Reviews']""]",4.0, '1 bedroom', '2 beds', '1 bath',1.0,2.0,1.0
171,New apartment just next to the Champs Elysees,Entire home,285.0,Anne,53,4.75,"['5 guests', '2 bedrooms', '3 beds', '1.5 baths', '\U000f0004\n67 Reviews', '\U000f0019\nVerified']","[""['5 guests'"", "" '2 bedrooms'"", "" '3 beds'"", "" '1.5 baths'"", "" '\\U000f0004\\n67 Reviews'"", "" '\\U000f0019\\nVerified']""]",5.0, '2 bedrooms', '3 beds', '1.5 baths',2.0,3.0,1.5
173,CHARMING ROMANTIC STUDIO OPERA &MONTMATRE 2 PERSON,Entire home,52.0,Jocelyn /Silvio,351,4.34,"['2 guests', '1 bedroom', '1 bed', 'Half-bath', '\U000f0004\n1,731 Reviews', '\U000f0019\nVerified']","[""['2 guests'"", "" '1 bedroom'"", "" '1 bed'"", "" 'Half-bath'"", "" '\\U000f0004\\n1"", ""731 Reviews'"", "" '\\U000f0019\\nVerified']""]",2.0, '1 bedroom', '1 bed', 'Half-bath',1.0,1.0,0.5
174,❤️ JUST WHAT U NEED. GREAT FLAT IN THE MARAIS.,Entire home,158.0,Louise,104,4.49,"['4 guests', '2 bedrooms', '2 beds', '1 bath', '\U000f0004\n674 Reviews', '\U000f0019\nVerified']","[""['4 guests'"", "" '2 bedrooms'"", "" '2 beds'"", "" '1 bath'"", "" '\\U000f0004\\n674 Reviews'"", "" '\\U000f0019\\nVerified']""]",4.0, '2 bedrooms', '2 beds', '1 bath',2.0,2.0,1.0
175,"ILE-ST-LOUIS, ART, LUXURY AND CHARM",Entire home,195.0,Marie&Elena,247,4.85,"['4 guests', 'Studio', '3 beds', '1 bath', '\U000f0004\n247 Reviews', '\U000f0019\nVerified']","[""['4 guests'"", "" 'Studio'"", "" '3 beds'"", "" '1 bath'"", "" '\\U000f0004\\n247 Reviews'"", "" '\\U000f0019\\nVerified']""]",4.0, 'Studio', '3 beds', '1 bath',0.5,3.0,1.0
177,Best Place in Paris,Entire home,299.0,Elodie,128,4.58,"['4 guests', '2 bedrooms', '2 beds', '1 bath', '\U000f0004\n2,712 Reviews', '\U000f0019\nVerified']","[""['4 guests'"", "" '2 bedrooms'"", "" '2 beds'"", "" '1 bath'"", "" '\\U000f0004\\n2"", ""712 Reviews'"", "" '\\U000f0019\\nVerified']""]",4.0, '2 bedrooms', '2 beds', '1 bath',2.0,2.0,1.0
178,Authentic B§B in a lovely house,Private room in house,59.0,Françoise,286,4.82,"['3 guests', '1 bedroom', '2 beds', '1 private bath', '\U000f0004\n289 Reviews', '\U000f0019\nVerified']","[""['3 guests'"", "" '1 bedroom'"", "" '2 beds'"", "" '1 private bath'"", "" '\\U000f0004\\n289 Reviews'"", "" '\\U000f0019\\nVerified']""]",3.0, '1 bedroom', '2 beds', '1 private bath',1.0,2.0,1.0
179,Chic & Romantic Flat in Montmartre,Entire home,99.0,Margherita,99,4.6,"['4 guests', '1 bedroom', '2 beds', '1 bath', '\U000f0004\n161 Reviews', '\U000f1101\n4 References', '\U000f0019\nVerified']","[""['4 guests'"", "" '1 bedroom'"", "" '2 beds'"", "" '1 bath'"", "" '\\U000f0004\\n161 Reviews'"", "" '\\U000f1101\\n4 References'"", "" '\\U000f0019\\nVerified']""]",4.0, '1 bedroom', '2 beds', '1 bath',1.0,2.0,1.0
181,Rare and luxurious appartement in Champs-Elysee,Entire home,168.0,Bahija,37,4.62,"['4 guests', '1 bedroom', '1 bed', '2 baths', '\U000f0004\n37 Reviews', '\U000f0019\nVerified']","[""['4 guests'"", "" '1 bedroom'"", "" '1 bed'"", "" '2 baths'"", "" '\\U000f0004\\n37 Reviews'"", "" '\\U000f0019\\nVerified']""]",4.0, '1 bedroom', '1 bed', '2 baths',1.0,1.0,2.0
185,IN PARIS CENTER SPACIOUS 3ROOM RENOVATED FOR 6 PER,Entire home,150.0,Joseph,6,4.83,"['6 guests', '2 bedrooms', '4 beds', '1 bath', '\U000f0004\n44 Reviews', '\U000f0019\nVerified']","[""['6 guests'"", "" '2 bedrooms'"", "" '4 beds'"", "" '1 bath'"", "" '\\U000f0004\\n44 Reviews'"", "" '\\U000f0019\\nVerified']""]",6.0, '2 bedrooms', '4 beds', '1 bath',2.0,4.0,1.0
186,Charming country house only 20mn away from Paris,Entire home,63.0,Catherine,81,4.95,"['7 guests', '3 bedrooms', '5 beds', '2 baths', '\U000f0004\n81 Reviews', '\U000f0019\nVerified']","[""['7 guests'"", "" '3 bedrooms'"", "" '5 beds'"", "" '2 baths'"", "" '\\U000f0004\\n81 Reviews'"", "" '\\U000f0019\\nVerified']""]",7.0, '3 bedrooms', '5 beds', '2 baths',3.0,5.0,2.0
187,Trendy & Fashion Duplex in Le Marais !!!,Entire home,199.0,Philippe,44,4.36,"['6 guests', '2 bedrooms', '3 beds', '1 bath', '\U000f0004\n12,800 Reviews', '\U000f0019\nVerified']","[""['6 guests'"", "" '2 bedrooms'"", "" '3 beds'"", "" '1 bath'"", "" '\\U000f0004\\n12"", ""800 Reviews'"", "" '\\U000f0019\\nVerified']""]",6.0, '2 bedrooms', '3 beds', '1 bath',2.0,3.0,1.0
188,Large & Modern Studio In St Germain,Entire home,149.0,Gaelle,3,5.0,"['2 guests', 'Studio', '1 bed', '1 bath', '\U000f0004\n3 Reviews']","[""['2 guests'"", "" 'Studio'"", "" '1 bed'"", "" '1 bath'"", "" '\\U000f0004\\n3 Reviews']""]",2.0, 'Studio', '1 bed', '1 bath',0.5,1.0,1.0
189,WONDERFUL ROOM OF 9M2 NEAR LE MARAIS,Private room in apartment,49.0,Guillaume,13,4.77,"['2 guests', 'Studio', '0 beds', '1 shared bath', '\U000f0004\n34 Reviews', '\U000f0019\nVerified']","[""['2 guests'"", "" 'Studio'"", "" '0 beds'"", "" '1 shared bath'"", "" '\\U000f0004\\n34 Reviews'"", "" '\\U000f0019\\nVerified']""]",2.0, 'Studio', '0 beds', '1 shared bath',0.5,0.0,1.0
190,♥ of Paris 5th - Quartier Latin,Entire home,120.0,Olivier,35,4.83,"['4 guests', '1 bedroom', '2 beds', '1 bath', '\U000f0004\n167 Reviews', '\U000f0019\nVerified']","[""['4 guests'"", "" '1 bedroom'"", "" '2 beds'"", "" '1 bath'"", "" '\\U000f0004\\n167 Reviews'"", "" '\\U000f0019\\nVerified']""]",4.0, '1 bedroom', '2 beds', '1 bath',1.0,2.0,1.0
191,charming artist apartment,Entire home,110.0,Anne-Laure,183,4.85,"['2 guests', '1 bedroom', '1 bed', '1 bath', '\U000f0004\n183 Reviews', '\U000f0019\nVerified']","[""['2 guests'"", "" '1 bedroom'"", "" '1 bed'"", "" '1 bath'"", "" '\\U000f0004\\n183 Reviews'"", "" '\\U000f0019\\nVerified']""]",2.0, '1 bedroom', '1 bed', '1 bath',1.0,1.0,1.0
192,Elysées Wagram 2 - Breakfast included,Private room in apartment,140.0,Catherine,292,4.93,"['2 guests', '1 bedroom', '1 bed', '1 private bath', '\U000f0004\n617 Reviews', '\U000f0019\nVerified']","[""['2 guests'"", "" '1 bedroom'"", "" '1 bed'"", "" '1 private bath'"", "" '\\U000f0004\\n617 Reviews'"", "" '\\U000f0019\\nVerified']""]",2.0, '1 bedroom', '1 bed', '1 private bath',1.0,1.0,1.0
193,New flat 2nd floor near to Porte de Paris station,Entire home,149.0,Mika,48,4.96,"['8 guests', '3 bedrooms', '3 beds', '1 bath', '\U000f0004\n89 Reviews', '\U000f0019\nVerified']","[""['8 guests'"", "" '3 bedrooms'"", "" '3 beds'"", "" '1 bath'"", "" '\\U000f0004\\n89 Reviews'"", "" '\\U000f0019\\nVerified']""]",8.0, '3 bedrooms', '3 beds', '1 bath',3.0,3.0,1.0
195,100m2 Apartment in best area of Paris,Entire home,395.0,Bonjour,9,4.67,"['10 guests', '4 bedrooms', '5 beds', '2.5 baths', '\U000f0004\n39 Reviews', '\U000f0019\nVerified']","[""['10 guests'"", "" '4 bedrooms'"", "" '5 beds'"", "" '2.5 baths'"", "" '\\U000f0004\\n39 Reviews'"", "" '\\U000f0019\\nVerified']""]",10.0, '4 bedrooms', '5 beds', '2.5 baths',4.0,5.0,2.5
196,Charming Typical Parisian Flat,Entire home,85.0,Olivier,260,4.58,"['4 guests', '2 bedrooms', '2 beds', '1 bath', '\U000f0004\n260 Reviews', '\U000f0019\nVerified']","[""['4 guests'"", "" '2 bedrooms'"", "" '2 beds'"", "" '1 bath'"", "" '\\U000f0004\\n260 Reviews'"", "" '\\U000f0019\\nVerified']""]",4.0, '2 bedrooms', '2 beds', '1 bath',2.0,2.0,1.0
197,❤️ Comme à l’hotel au coeur du Marais,Private room in apartment,92.0,Jérémy,16,4.94,"['2 guests', '1 bedroom', '1 bed', '1 private bath', '\U000f0004\n16 Reviews']","[""['2 guests'"", "" '1 bedroom'"", "" '1 bed'"", "" '1 private bath'"", "" '\\U000f0004\\n16 Reviews']""]",2.0, '1 bedroom', '1 bed', '1 private bath',1.0,1.0,1.0
198,Parisian Lifestyle for 3 nice Guests,Room in boutique hotel,199.0,Romain,60,4.88,"['3 guests', '1 bedroom', '2 beds', '1 bath', '\U000f0004\n219 Reviews', '\U000f0019\nVerified']","[""['3 guests'"", "" '1 bedroom'"", "" '2 beds'"", "" '1 bath'"", "" '\\U000f0004\\n219 Reviews'"", "" '\\U000f0019\\nVerified']""]",3.0, '1 bedroom', '2 beds', '1 bath',1.0,2.0,1.0
200,"République, renovated 2016 6 bdrms,3WC,3 bathrooms",Entire home,500.0,Mathilde,151,4.58,"['15 guests', '6 bedrooms', '6 beds', '3 baths', '\U000f0004\n3,217 Reviews', '\U000f0019\nVerified']","[""['15 guests'"", "" '6 bedrooms'"", "" '6 beds'"", "" '3 baths'"", "" '\\U000f0004\\n3"", ""217 Reviews'"", "" '\\U000f0019\\nVerified']""]",15.0, '6 bedrooms', '6 beds', '3 baths',6.0,6.0,3.0
201,Amazing apt with balcony & Wifi,Entire home,634.0,"Loic, Estelle & Co",14,4.36,"['8 guests', '2 bedrooms', '4 beds', '1 bath', '\U000f0004\n616 Reviews', '\U000f0019\nVerified']","[""['8 guests'"", "" '2 bedrooms'"", "" '4 beds'"", "" '1 bath'"", "" '\\U000f0004\\n616 Reviews'"", "" '\\U000f0019\\nVerified']""]",8.0, '2 bedrooms', '4 beds', '1 bath',2.0,4.0,1.0
203,F1 entier JACUZZI BALNEO TROPICAL proche Paris,Entire home,115.0,Jordan,4,4.75,"['2 guests', 'Studio', '1 bed', '1 bath', '\U000f0004\n118 Reviews', '\U000f0019\nVerified']","[""['2 guests'"", "" 'Studio'"", "" '1 bed'"", "" '1 bath'"", "" '\\U000f0004\\n118 Reviews'"", "" '\\U000f0019\\nVerified']""]",2.0, 'Studio', '1 bed', '1 bath',0.5,1.0,1.0
204,"Loft ""Atelier"" in the Marais perfect for 4",Entire home,190.0,Hsiao Lin,371,4.63,"['6 guests', '2 bedrooms', '3 beds', '1 bath', '\U000f0004\n1,144 Reviews', '\U000f0019\nVerified']","[""['6 guests'"", "" '2 bedrooms'"", "" '3 beds'"", "" '1 bath'"", "" '\\U000f0004\\n1"", ""144 Reviews'"", "" '\\U000f0019\\nVerified']""]",6.0, '2 bedrooms', '3 beds', '1 bath',2.0,3.0,1.0
205,Petit studio parisien près de la Tour Eiffel,Entire home,88.0,Weina,142,4.82,"['2 guests', 'Studio', '1 bed', '1 bath', '\U000f0004\n384 Reviews', '\U000f0019\nVerified']","[""['2 guests'"", "" 'Studio'"", "" '1 bed'"", "" '1 bath'"", "" '\\U000f0004\\n384 Reviews'"", "" '\\U000f0019\\nVerified']""]",2.0, 'Studio', '1 bed', '1 bath',0.5,1.0,1.0
207,❤️ Central Apartment in Paris,Entire home,148.0,Louis,58,4.57,"['6 guests', '2 bedrooms', '3 beds', '1 bath', '\U000f0004\n131 Reviews', '\U000f0019\nVerified']","[""['6 guests'"", "" '2 bedrooms'"", "" '3 beds'"", "" '1 bath'"", "" '\\U000f0004\\n131 Reviews'"", "" '\\U000f0019\\nVerified']""]",6.0, '2 bedrooms', '3 beds', '1 bath',2.0,3.0,1.0
208,Yan’s apartment,Entire home,60.0,Yan,9,4.11,"['4 guests', '1 bedroom', '2 beds', '1 bath', '\U000f0004\n12 Reviews', '\U000f0019\nVerified']","[""['4 guests'"", "" '1 bedroom'"", "" '2 beds'"", "" '1 bath'"", "" '\\U000f0004\\n12 Reviews'"", "" '\\U000f0019\\nVerified']""]",4.0, '1 bedroom', '2 beds', '1 bath',1.0,2.0,1.0
209,"Opera-Haussmann, St Honoré, Montaigne, Concorde",Entire home,140.0,Cynthia,306,4.75,"['2 guests', 'Studio', '1 bed', '1 bath', '\U000f0004\n3,550 Reviews', '\U000f0019\nVerified']","[""['2 guests'"", "" 'Studio'"", "" '1 bed'"", "" '1 bath'"", "" '\\U000f0004\\n3"", ""550 Reviews'"", "" '\\U000f0019\\nVerified']""]",2.0, 'Studio', '1 bed', '1 bath',0.5,1.0,1.0
210,Steps from Notre-Dame,Entire home,335.0,Catherine,14,5.0,"['6 guests', '2 bedrooms', '3 beds', '1 bath', '\U000f0004\n14 Reviews', '\U000f0019\nVerified']","[""['6 guests'"", "" '2 bedrooms'"", "" '3 beds'"", "" '1 bath'"", "" '\\U000f0004\\n14 Reviews'"", "" '\\U000f0019\\nVerified']""]",6.0, '2 bedrooms', '3 beds', '1 bath',2.0,3.0,1.0
211,Brand new Modern flat Central Paris Boutique Hotel,Entire home,139.0,Justin & Catherine,657,4.29,"['4 guests', '1 bedroom', '2 beds', '1 bath', '\U000f0004\n1,429 Reviews', '\U000f1101\n9 References', '\U000f0019\nVerified']","[""['4 guests'"", "" '1 bedroom'"", "" '2 beds'"", "" '1 bath'"", "" '\\U000f0004\\n1"", ""429 Reviews'"", "" '\\U000f1101\\n9 References'"", "" '\\U000f0019\\nVerified']""]",4.0, '1 bedroom', '2 beds', '1 bath',1.0,2.0,1.0
212,"JOLI STUDIO, FACE AU BOIS DE VINCENNES. 15MN PARIS",Entire home,55.0,Cathy,45,4.36,"['2 guests', 'Studio', '1 bed', '1 bath', '\U000f0004\n449 Reviews', '\U000f0019\nVerified']","[""['2 guests'"", "" 'Studio'"", "" '1 bed'"", "" '1 bath'"", "" '\\U000f0004\\n449 Reviews'"", "" '\\U000f0019\\nVerified']""]",2.0, 'Studio', '1 bed', '1 bath',0.5,1.0,1.0
213,Hotel Boronali *** - Superior room in Montmartre,Room in boutique hotel,119.0,Arthur,15,4.8,"['2 guests', '1 bedroom', '1 bed', '1 bath', '\U000f0004\n493 Reviews', '\U000f0019\nVerified']","[""['2 guests'"", "" '1 bedroom'"", "" '1 bed'"", "" '1 bath'"", "" '\\U000f0004\\n493 Reviews'"", "" '\\U000f0019\\nVerified']""]",2.0, '1 bedroom', '1 bed', '1 bath',1.0,1.0,1.0
214,Cosy room between Montmartre and Opera,Room in boutique hotel,140.0,Adélie,54,4.69,"['2 guests', '1 bedroom', '1 bed', '1 bath', '\U000f0004\n55 Reviews', '\U000f0019\nVerified']","[""['2 guests'"", "" '1 bedroom'"", "" '1 bed'"", "" '1 bath'"", "" '\\U000f0004\\n55 Reviews'"", "" '\\U000f0019\\nVerified']""]",2.0, '1 bedroom', '1 bed', '1 bath',1.0,1.0,1.0
215,★ Spacious & Cozy ★ 3 Rooms Flat Near Paris & CDG,Entire home,69.0,Dora & John,186,4.66,"['7 guests', '2 bedrooms', '4 beds', '1 bath', '\U000f0004\n399 Reviews', '\U000f0019\nVerified']","[""['7 guests'"", "" '2 bedrooms'"", "" '4 beds'"", "" '1 bath'"", "" '\\U000f0004\\n399 Reviews'"", "" '\\U000f0019\\nVerified']""]",7.0, '2 bedrooms', '4 beds', '1 bath',2.0,4.0,1.0
216,Centrally Located Modern Parisian Studio,Entire home,140.0,Greg,8,5.0,"['2 guests', 'Studio', '1 bed', '1 bath', '\U000f0004\n8 Reviews', '\U000f0019\nVerified']","[""['2 guests'"", "" 'Studio'"", "" '1 bed'"", "" '1 bath'"", "" '\\U000f0004\\n8 Reviews'"", "" '\\U000f0019\\nVerified']""]",2.0, 'Studio', '1 bed', '1 bath',0.5,1.0,1.0
217,Le Charme de Saint Germain appartment,Entire home,129.0,Ren,14,4.23,"['4 guests', '1 bedroom', '2 beds', '1 bath', '\U000f0004\n14 Reviews']","[""['4 guests'"", "" '1 bedroom'"", "" '2 beds'"", "" '1 bath'"", "" '\\U000f0004\\n14 Reviews']""]",4.0, '1 bedroom', '2 beds', '1 bath',1.0,2.0,1.0
218,Spacious&Shiny flat in Center of Paris 5pers!,Entire home,149.0,Philippe,39,4.31,"['5 guests', '2 bedrooms', '3 beds', '1 bath', '\U000f0004\n12,800 Reviews', '\U000f0019\nVerified']","[""['5 guests'"", "" '2 bedrooms'"", "" '3 beds'"", "" '1 bath'"", "" '\\U000f0004\\n12"", ""800 Reviews'"", "" '\\U000f0019\\nVerified']""]",5.0, '2 bedrooms', '3 beds', '1 bath',2.0,3.0,1.0
219,Lion studio,Entire home,82.0,Alicia,16,4.94,"['3 guests', 'Studio', '2 beds', '1 bath', '\U000f0004\n375 Reviews', '\U000f0019\nVerified']","[""['3 guests'"", "" 'Studio'"", "" '2 beds'"", "" '1 bath'"", "" '\\U000f0004\\n375 Reviews'"", "" '\\U000f0019\\nVerified']""]",3.0, 'Studio', '2 beds', '1 bath',0.5,2.0,1.0
220,Magnifique studio Zen & Cosy à 12mn de Paris,Entire home,65.0,Sonia & David,78,4.87,"['3 guests', 'Studio', '1 bed', '1 bath', '\U000f0004\n78 Reviews', '\U000f0019\nVerified']","[""['3 guests'"", "" 'Studio'"", "" '1 bed'"", "" '1 bath'"", "" '\\U000f0004\\n78 Reviews'"", "" '\\U000f0019\\nVerified']""]",3.0, 'Studio', '1 bed', '1 bath',0.5,1.0,1.0
221,Paris Vaugirard : Near Etoile/Champs-Elysées,Entire home,350.0,Chérazade Et Paul,12,4.92,"['7 guests', '3 bedrooms', '3 beds', '2.5 baths', '\U000f0004\n19 Reviews']","[""['7 guests'"", "" '3 bedrooms'"", "" '3 beds'"", "" '2.5 baths'"", "" '\\U000f0004\\n19 Reviews']""]",7.0, '3 bedrooms', '3 beds', '2.5 baths',3.0,3.0,2.5
222,MODERN 1BR FLAT IN THE HEART OF THE MARAIS,Entire home,100.0,Nathalie,6,4.0,"['4 guests', '1 bedroom', '2 beds', '1 bath', '\U000f0004\n1,556 Reviews', '\U000f0019\nVerified']","[""['4 guests'"", "" '1 bedroom'"", "" '2 beds'"", "" '1 bath'"", "" '\\U000f0004\\n1"", ""556 Reviews'"", "" '\\U000f0019\\nVerified']""]",4.0, '1 bedroom', '2 beds', '1 bath',1.0,2.0,1.0
223,Downtown Paris 5 people duplex style,Entire home,180.0,Gilian,330,4.7,"['5 guests', '1 bedroom', '4 beds', '1 bath', '\U000f0004\n1,555 Reviews', '\U000f1101\n1 Reference', '\U000f0019\nVerified']","[""['5 guests'"", "" '1 bedroom'"", "" '4 beds'"", "" '1 bath'"", "" '\\U000f0004\\n1"", ""555 Reviews'"", "" '\\U000f1101\\n1 Reference'"", "" '\\U000f0019\\nVerified']""]",5.0, '1 bedroom', '4 beds', '1 bath',1.0,4.0,1.0
224,Magic Apartament Saint Germain Des Prés,Entire home,249.0,Alma,4,5.0,"['7 guests', '1 bedroom', '4 beds', '1 bath', '\U000f0004\n31 Reviews', '\U000f0019\nVerified']","[""['7 guests'"", "" '1 bedroom'"", "" '4 beds'"", "" '1 bath'"", "" '\\U000f0004\\n31 Reviews'"", "" '\\U000f0019\\nVerified']""]",7.0, '1 bedroom', '4 beds', '1 bath',1.0,4.0,1.0
225,Chambre privé pour 1 personne avec télé incluse,Private room in house,24.0,Alexandra,102,4.37,"['1 guest', '1 bedroom', '1 bed', '1 shared bath', '\U000f0004\n295 Reviews', '\U000f0019\nVerified']","[""['1 guest'"", "" '1 bedroom'"", "" '1 bed'"", "" '1 shared bath'"", "" '\\U000f0004\\n295 Reviews'"", "" '\\U000f0019\\nVerified']""]",1.0, '1 bedroom', '1 bed', '1 shared bath',1.0,1.0,1.0
226,Your perfect place to stay in Paris,Entire home,60.0,Paris,47,4.79,"['2 guests', 'Studio', '1 bed', '1 bath', '\U000f0004\n112 Reviews', '\U000f0019\nVerified']","[""['2 guests'"", "" 'Studio'"", "" '1 bed'"", "" '1 bath'"", "" '\\U000f0004\\n112 Reviews'"", "" '\\U000f0019\\nVerified']""]",2.0, 'Studio', '1 bed', '1 bath',0.5,1.0,1.0
227,♥ Luxury apartment near Arc Triomphe - 8P,Entire home,599.0,Charles,6,4.83,"['8 guests', '3 bedrooms', '4 beds', '2 baths', '\U000f0004\n77 Reviews', '\U000f0019\nVerified']","[""['8 guests'"", "" '3 bedrooms'"", "" '4 beds'"", "" '2 baths'"", "" '\\U000f0004\\n77 Reviews'"", "" '\\U000f0019\\nVerified']""]",8.0, '3 bedrooms', '4 beds', '2 baths',3.0,4.0,2.0
228,2BDR/2BR St Honoré/Louvre-Serviced Apartment | HS4,Room in serviced apartment,699.0,HighStay,67,4.87,"['6 guests', '2 bedrooms', '3 beds', '2 baths', '\U000f0004\n371 Reviews', '\U000f0019\nVerified']","[""['6 guests'"", "" '2 bedrooms'"", "" '3 beds'"", "" '2 baths'"", "" '\\U000f0004\\n371 Reviews'"", "" '\\U000f0019\\nVerified']""]",6.0, '2 bedrooms', '3 beds', '2 baths',2.0,3.0,2.0
229,Dans les jardins de la Tour Eiffel,Entire home,350.0,Mathilde,163,4.56,"['7 guests', '2 bedrooms', '4 beds', '1 bath', '\U000f0004\n3,217 Reviews', '\U000f0019\nVerified']","[""['7 guests'"", "" '2 bedrooms'"", "" '4 beds'"", "" '1 bath'"", "" '\\U000f0004\\n3"", ""217 Reviews'"", "" '\\U000f0019\\nVerified']""]",7.0, '2 bedrooms', '4 beds', '1 bath',2.0,4.0,1.0
230,"Exceptionnel Studio, avenue FOCH",Entire home,144.0,Gary,12,4.42,"['5 guests', 'Studio', '4 beds', '1 bath', '\U000f0004\n79 Reviews', '\U000f0019\nVerified']","[""['5 guests'"", "" 'Studio'"", "" '4 beds'"", "" '1 bath'"", "" '\\U000f0004\\n79 Reviews'"", "" '\\U000f0019\\nVerified']""]",5.0, 'Studio', '4 beds', '1 bath',0.5,4.0,1.0
231,chambre proche de Paris 14ème,Private room in apartment,35.0,Brigitte,94,4.8,"['2 guests', '1 bedroom', '1 bed', '1 shared bath', '\U000f0004\n94 Reviews', '\U000f0019\nVerified']","[""['2 guests'"", "" '1 bedroom'"", "" '1 bed'"", "" '1 shared bath'"", "" '\\U000f0004\\n94 Reviews'"", "" '\\U000f0019\\nVerified']""]",2.0, '1 bedroom', '1 bed', '1 shared bath',1.0,1.0,1.0
232,Amazing- 1BDR in the heart of Montorgueil,Entire home,354.0,Hortense,10,4.9,"['6 guests', '1 bedroom', '3 beds', '1 bath', '\U000f0004\n63 Reviews', '\U000f0019\nVerified']","[""['6 guests'"", "" '1 bedroom'"", "" '3 beds'"", "" '1 bath'"", "" '\\U000f0004\\n63 Reviews'"", "" '\\U000f0019\\nVerified']""]",6.0, '1 bedroom', '3 beds', '1 bath',1.0,3.0,1.0
233,Heart of Parmentier,Entire home,161.0,Ari,47,4.28,"['6 guests', '2 bedrooms', '3 beds', '1 bath', '\U000f0004\n1,392 Reviews', '\U000f0019\nVerified']","[""['6 guests'"", "" '2 bedrooms'"", "" '3 beds'"", "" '1 bath'"", "" '\\U000f0004\\n1"", ""392 Reviews'"", "" '\\U000f0019\\nVerified']""]",6.0, '2 bedrooms', '3 beds', '1 bath',2.0,3.0,1.0
234,Cœur de Paris,Private room in apartment,72.0,Mehdi,37,4.73,"['2 guests', '1 bedroom', '1 bed', '1 shared bath', '\U000f0004\n225 Reviews', '\U000f0019\nVerified']","[""['2 guests'"", "" '1 bedroom'"", "" '1 bed'"", "" '1 shared bath'"", "" '\\U000f0004\\n225 Reviews'"", "" '\\U000f0019\\nVerified']""]",2.0, '1 bedroom', '1 bed', '1 shared bath',1.0,1.0,1.0
238,Ground-Floor Flat Le Marais Center Paris,Entire home,90.0,Sun,88,4.84,"['2 guests', '1 bedroom', '1 bed', '1 bath', '\U000f0004\n88 Reviews', '\U000f0019\nVerified']","[""['2 guests'"", "" '1 bedroom'"", "" '1 bed'"", "" '1 bath'"", "" '\\U000f0004\\n88 Reviews'"", "" '\\U000f0019\\nVerified']""]",2.0, '1 bedroom', '1 bed', '1 bath',1.0,1.0,1.0
239,LUMINEUSE CHAMBRE PRIVEE,Private room in apartment,45.0,Marie-Suzanne,261,4.68,"['2 guests', '1 bedroom', '1 bed', '1 shared bath', '\U000f0004\n261 Reviews', '\U000f0019\nVerified']","[""['2 guests'"", "" '1 bedroom'"", "" '1 bed'"", "" '1 shared bath'"", "" '\\U000f0004\\n261 Reviews'"", "" '\\U000f0019\\nVerified']""]",2.0, '1 bedroom', '1 bed', '1 shared bath',1.0,1.0,1.0
240,Charming appartement with terrasse on courtyard,Entire home,164.0,Daphné,79,4.94,"['4 guests', '2 bedrooms', '2 beds', '1 bath', '\U000f0004\n79 Reviews', '\U000f0019\nVerified']","[""['4 guests'"", "" '2 bedrooms'"", "" '2 beds'"", "" '1 bath'"", "" '\\U000f0004\\n79 Reviews'"", "" '\\U000f0019\\nVerified']""]",4.0, '2 bedrooms', '2 beds', '1 bath',2.0,2.0,1.0
241,"Chambre simple,1 personne, appartement Haussmanien",Private room in apartment,75.0,Adrian H.,7,5.0,"['1 guest', '1 bedroom', '1 bed', '1 bath', '\U000f0004\n13 Reviews', '\U000f0019\nVerified']","[""['1 guest'"", "" '1 bedroom'"", "" '1 bed'"", "" '1 bath'"", "" '\\U000f0004\\n13 Reviews'"", "" '\\U000f0019\\nVerified']""]",1.0, '1 bedroom', '1 bed', '1 bath',1.0,1.0,1.0
243,Superb bright and luxurious apt in Montogueil,Entire home,455.0,Alexia,18,4.11,"['8 guests', '3 bedrooms', '4 beds', '3 baths', '\U000f0004\n18 Reviews', '\U000f0019\nVerified']","[""['8 guests'"", "" '3 bedrooms'"", "" '4 beds'"", "" '3 baths'"", "" '\\U000f0004\\n18 Reviews'"", "" '\\U000f0019\\nVerified']""]",8.0, '3 bedrooms', '4 beds', '3 baths',3.0,4.0,3.0
244,City Center Beaubourg 1BD 6 people,Entire home,190.0,Gilian,266,4.76,"['6 guests', '1 bedroom', '3 beds', '1 bath', '\U000f0004\n1,555 Reviews', '\U000f1101\n1 Reference', '\U000f0019\nVerified']","[""['6 guests'"", "" '1 bedroom'"", "" '3 beds'"", "" '1 bath'"", "" '\\U000f0004\\n1"", ""555 Reviews'"", "" '\\U000f1101\\n1 Reference'"", "" '\\U000f0019\\nVerified']""]",6.0, '1 bedroom', '3 beds', '1 bath',1.0,3.0,1.0
245,Nice dupleix for 3,Room in boutique hotel,168.0,Villa Lutèce Port Royal,53,4.6,"['3 guests', '1 bedroom', '2 beds', '1 bath', '\U000f0004\n319 Reviews', '\U000f0019\nVerified']","[""['3 guests'"", "" '1 bedroom'"", "" '2 beds'"", "" '1 bath'"", "" '\\U000f0004\\n319 Reviews'"", "" '\\U000f0019\\nVerified']""]",3.0, '1 bedroom', '2 beds', '1 bath',1.0,2.0,1.0
246,Chambre calme chez l'habitant,Private room in apartment,65.0,Christophe,9,5.0,"['2 guests', '1 bedroom', '1 bed', '1 shared bath', '\U000f0004\n9 Reviews', '\U000f0019\nVerified']","[""['2 guests'"", "" '1 bedroom'"", "" '1 bed'"", "" '1 shared bath'"", "" '\\U000f0004\\n9 Reviews'"", "" '\\U000f0019\\nVerified']""]",2.0, '1 bedroom', '1 bed', '1 shared bath',1.0,1.0,1.0
247,A 25 sq.m studio in Canal St Martin area,Entire home,62.0,Nassima,353,4.54,"['2 guests', 'Studio', '1 bed', '1 bath', '\U000f0004\n540 Reviews', '\U000f0019\nVerified']","[""['2 guests'"", "" 'Studio'"", "" '1 bed'"", "" '1 bath'"", "" '\\U000f0004\\n540 Reviews'"", "" '\\U000f0019\\nVerified']""]",2.0, 'Studio', '1 bed', '1 bath',0.5,1.0,1.0
248,"❤Very close to Paris Center, authentic french area",Entire home,309.0,Cindy,61,4.85,"['8 guests', '3 bedrooms', '6 beds', '1 bath', '\U000f0004\n929 Reviews', '\U000f1101\n1 Reference', '\U000f0019\nVerified']","[""['8 guests'"", "" '3 bedrooms'"", "" '6 beds'"", "" '1 bath'"", "" '\\U000f0004\\n929 Reviews'"", "" '\\U000f1101\\n1 Reference'"", "" '\\U000f0019\\nVerified']""]",8.0, '3 bedrooms', '6 beds', '1 bath',3.0,6.0,1.0
250,"Notre Dame, Exceptional location (363)",Entire home,240.0,César Et Lucie,6,3.83,"['5 guests', '1 bedroom', '3 beds', '1.5 baths', '\U000f0004\n9 Reviews']","[""['5 guests'"", "" '1 bedroom'"", "" '3 beds'"", "" '1.5 baths'"", "" '\\U000f0004\\n9 Reviews']""]",5.0, '1 bedroom', '3 beds', '1.5 baths',1.0,3.0,1.5
251,Like a house near the Louvre/Opera - rooftop view,Entire home,122.0,Marine,20,4.6,"['6 guests', '3 bedrooms', '3 beds', '1 bath', '\U000f0004\n20 Reviews', '\U000f0019\nVerified']","[""['6 guests'"", "" '3 bedrooms'"", "" '3 beds'"", "" '1 bath'"", "" '\\U000f0004\\n20 Reviews'"", "" '\\U000f0019\\nVerified']""]",6.0, '3 bedrooms', '3 beds', '1 bath',3.0,3.0,1.0
252,Luxury 3 bedroom 2 bathroom Palace Apartment - AC,Entire home,858.0,Marie & Louis,62,4.85,"['8 guests', '3 bedrooms', '4 beds', '2.5 baths', '\U000f0004\n1,233 Reviews', '\U000f0019\nVerified']","[""['8 guests'"", "" '3 bedrooms'"", "" '4 beds'"", "" '2.5 baths'"", "" '\\U000f0004\\n1"", ""233 Reviews'"", "" '\\U000f0019\\nVerified']""]",8.0, '3 bedrooms', '4 beds', '2.5 baths',3.0,4.0,2.5
253,"Chambre ""rose""/appart.Vincennes",Private room in condominium,45.0,Jean-Michel,89,4.91,"['2 guests', '1 bedroom', '1 bed', '1 private bath', '\U000f0004\n161 Reviews', '\U000f0019\nVerified']","[""['2 guests'"", "" '1 bedroom'"", "" '1 bed'"", "" '1 private bath'"", "" '\\U000f0004\\n161 Reviews'"", "" '\\U000f0019\\nVerified']""]",2.0, '1 bedroom', '1 bed', '1 private bath',1.0,1.0,1.0
254,King of Saint-Lazare - XXI,Entire home,226.0,Ari,10,4.9,"['6 guests', '2 bedrooms', '3 beds', '2 baths', '\U000f0004\n1,392 Reviews', '\U000f0019\nVerified']","[""['6 guests'"", "" '2 bedrooms'"", "" '3 beds'"", "" '2 baths'"", "" '\\U000f0004\\n1"", ""392 Reviews'"", "" '\\U000f0019\\nVerified']""]",6.0, '2 bedrooms', '3 beds', '2 baths',2.0,3.0,2.0
255,Paris - Tours Eiffel - Disneyland 2,Private room in apartment,32.0,Didier,7,4.86,"['2 guests', '1 bedroom', '1 bed', '1 bath', '\U000f0004\n306 Reviews', '\U000f0019\nVerified']","[""['2 guests'"", "" '1 bedroom'"", "" '1 bed'"", "" '1 bath'"", "" '\\U000f0004\\n306 Reviews'"", "" '\\U000f0019\\nVerified']""]",2.0, '1 bedroom', '1 bed', '1 bath',1.0,1.0,1.0
256,Luxurious Flat - 2 Rooms - MontMartre & Lamarck,Entire home,141.0,Julia,8,4.13,"['6 guests', '1 bedroom', '3 beds', '1 bath', '\U000f0004\n8 Reviews', '\U000f0019\nVerified']","[""['6 guests'"", "" '1 bedroom'"", "" '3 beds'"", "" '1 bath'"", "" '\\U000f0004\\n8 Reviews'"", "" '\\U000f0019\\nVerified']""]",6.0, '1 bedroom', '3 beds', '1 bath',1.0,3.0,1.0
258,Beautiful apartment with an exceptional location,Entire home,102.0,Edith,184,4.93,"['2 guests', '1 bedroom', '1 bed', '1 bath', '\U000f0004\n184 Reviews', '\U000f0019\nVerified']","[""['2 guests'"", "" '1 bedroom'"", "" '1 bed'"", "" '1 bath'"", "" '\\U000f0004\\n184 Reviews'"", "" '\\U000f0019\\nVerified']""]",2.0, '1 bedroom', '1 bed', '1 bath',1.0,1.0,1.0
259,Studio - Paris 13 - Place D'italie,Entire home,58.0,Yudish,33,3.82,"['2 guests', '1 bedroom', '1 bed', '1.5 baths', '\U000f0004\n33 Reviews']","[""['2 guests'"", "" '1 bedroom'"", "" '1 bed'"", "" '1.5 baths'"", "" '\\U000f0004\\n33 Reviews']""]",2.0, '1 bedroom', '1 bed', '1.5 baths',1.0,1.0,1.5
260,A FULLY private FLOOR WITH 6 ROOMS FOR 12 PEOPLE,Private room,400.0,Green Hotels Paris 13,16,4.31,"['12 guests', '6 bedrooms', '8 beds', '6 baths', '\U000f0004\n105 Reviews']","[""['12 guests'"", "" '6 bedrooms'"", "" '8 beds'"", "" '6 baths'"", "" '\\U000f0004\\n105 Reviews']""]",12.0, '6 bedrooms', '8 beds', '6 baths',6.0,8.0,6.0
261,Cosy appartment near Bastille - 484 ft2,Entire home,130.0,Vincent,233,4.81,"['4 guests', '1 bedroom', '2 beds', '1 bath', '\U000f0004\n451 Reviews', '\U000f0019\nVerified']","[""['4 guests'"", "" '1 bedroom'"", "" '2 beds'"", "" '1 bath'"", "" '\\U000f0004\\n451 Reviews'"", "" '\\U000f0019\\nVerified']""]",4.0, '1 bedroom', '2 beds', '1 bath',1.0,2.0,1.0
263,Superb bright and luxurious apt in Montogueil,Entire home,455.0,Alexia,18,4.11,"['8 guests', '3 bedrooms', '4 beds', '3 baths', '\U000f0004\n18 Reviews', '\U000f0019\nVerified']","[""['8 guests'"", "" '3 bedrooms'"", "" '4 beds'"", "" '3 baths'"", "" '\\U000f0004\\n18 Reviews'"", "" '\\U000f0019\\nVerified']""]",8.0, '3 bedrooms', '4 beds', '3 baths',3.0,4.0,3.0
264,City Center Beaubourg 1BD 6 people,Entire home,190.0,Gilian,266,4.76,"['6 guests', '1 bedroom', '3 beds', '1 bath', '\U000f0004\n1,555 Reviews', '\U000f1101\n1 Reference', '\U000f0019\nVerified']","[""['6 guests'"", "" '1 bedroom'"", "" '3 beds'"", "" '1 bath'"", "" '\\U000f0004\\n1"", ""555 Reviews'"", "" '\\U000f1101\\n1 Reference'"", "" '\\U000f0019\\nVerified']""]",6.0, '1 bedroom', '3 beds', '1 bath',1.0,3.0,1.0
265,Nice dupleix for 3,Room in boutique hotel,168.0,Villa Lutèce Port Royal,53,4.6,"['3 guests', '1 bedroom', '2 beds', '1 bath', '\U000f0004\n319 Reviews', '\U000f0019\nVerified']","[""['3 guests'"", "" '1 bedroom'"", "" '2 beds'"", "" '1 bath'"", "" '\\U000f0004\\n319 Reviews'"", "" '\\U000f0019\\nVerified']""]",3.0, '1 bedroom', '2 beds', '1 bath',1.0,2.0,1.0
266,Chambre calme chez l'habitant,Private room in apartment,65.0,Christophe,9,5.0,"['2 guests', '1 bedroom', '1 bed', '1 shared bath', '\U000f0004\n9 Reviews', '\U000f0019\nVerified']","[""['2 guests'"", "" '1 bedroom'"", "" '1 bed'"", "" '1 shared bath'"", "" '\\U000f0004\\n9 Reviews'"", "" '\\U000f0019\\nVerified']""]",2.0, '1 bedroom', '1 bed', '1 shared bath',1.0,1.0,1.0
267,A 25 sq.m studio in Canal St Martin area,Entire home,62.0,Nassima,353,4.54,"['2 guests', 'Studio', '1 bed', '1 bath', '\U000f0004\n540 Reviews', '\U000f0019\nVerified']","[""['2 guests'"", "" 'Studio'"", "" '1 bed'"", "" '1 bath'"", "" '\\U000f0004\\n540 Reviews'"", "" '\\U000f0019\\nVerified']""]",2.0, 'Studio', '1 bed', '1 bath',0.5,1.0,1.0
268,"❤Very close to Paris Center, authentic french area",Entire home,309.0,Cindy,61,4.85,"['8 guests', '3 bedrooms', '6 beds', '1 bath', '\U000f0004\n929 Reviews', '\U000f1101\n1 Reference', '\U000f0019\nVerified']","[""['8 guests'"", "" '3 bedrooms'"", "" '6 beds'"", "" '1 bath'"", "" '\\U000f0004\\n929 Reviews'"", "" '\\U000f1101\\n1 Reference'"", "" '\\U000f0019\\nVerified']""]",8.0, '3 bedrooms', '6 beds', '1 bath',3.0,6.0,1.0
270,"Notre Dame, Exceptional location (363)",Entire home,240.0,César Et Lucie,6,3.83,"['5 guests', '1 bedroom', '3 beds', '1.5 baths', '\U000f0004\n9 Reviews']","[""['5 guests'"", "" '1 bedroom'"", "" '3 beds'"", "" '1.5 baths'"", "" '\\U000f0004\\n9 Reviews']""]",5.0, '1 bedroom', '3 beds', '1.5 baths',1.0,3.0,1.5
271,Like a house near the Louvre/Opera - rooftop view,Entire home,122.0,Marine,20,4.6,"['6 guests', '3 bedrooms', '3 beds', '1 bath', '\U000f0004\n20 Reviews', '\U000f0019\nVerified']","[""['6 guests'"", "" '3 bedrooms'"", "" '3 beds'"", "" '1 bath'"", "" '\\U000f0004\\n20 Reviews'"", "" '\\U000f0019\\nVerified']""]",6.0, '3 bedrooms', '3 beds', '1 bath',3.0,3.0,1.0
272,Luxury 3 bedroom 2 bathroom Palace Apartment - AC,Entire home,858.0,Marie & Louis,62,4.85,"['8 guests', '3 bedrooms', '4 beds', '2.5 baths', '\U000f0004\n1,233 Reviews', '\U000f0019\nVerified']","[""['8 guests'"", "" '3 bedrooms'"", "" '4 beds'"", "" '2.5 baths'"", "" '\\U000f0004\\n1"", ""233 Reviews'"", "" '\\U000f0019\\nVerified']""]",8.0, '3 bedrooms', '4 beds', '2.5 baths',3.0,4.0,2.5
273,"Chambre ""rose""/appart.Vincennes",Private room in condominium,45.0,Jean-Michel,89,4.91,"['2 guests', '1 bedroom', '1 bed', '1 private bath', '\U000f0004\n161 Reviews', '\U000f0019\nVerified']","[""['2 guests'"", "" '1 bedroom'"", "" '1 bed'"", "" '1 private bath'"", "" '\\U000f0004\\n161 Reviews'"", "" '\\U000f0019\\nVerified']""]",2.0, '1 bedroom', '1 bed', '1 private bath',1.0,1.0,1.0
274,King of Saint-Lazare - XXI,Entire home,226.0,Ari,10,4.9,"['6 guests', '2 bedrooms', '3 beds', '2 baths', '\U000f0004\n1,392 Reviews', '\U000f0019\nVerified']","[""['6 guests'"", "" '2 bedrooms'"", "" '3 beds'"", "" '2 baths'"", "" '\\U000f0004\\n1"", ""392 Reviews'"", "" '\\U000f0019\\nVerified']""]",6.0, '2 bedrooms', '3 beds', '2 baths',2.0,3.0,2.0
275,Paris - Tours Eiffel - Disneyland 2,Private room in apartment,32.0,Didier,7,4.86,"['2 guests', '1 bedroom', '1 bed', '1 bath', '\U000f0004\n306 Reviews', '\U000f0019\nVerified']","[""['2 guests'"", "" '1 bedroom'"", "" '1 bed'"", "" '1 bath'"", "" '\\U000f0004\\n306 Reviews'"", "" '\\U000f0019\\nVerified']""]",2.0, '1 bedroom', '1 bed', '1 bath',1.0,1.0,1.0
276,Luxurious Flat - 2 Rooms - MontMartre & Lamarck,Entire home,141.0,Julia,8,4.13,"['6 guests', '1 bedroom', '3 beds', '1 bath', '\U000f0004\n8 Reviews', '\U000f0019\nVerified']","[""['6 guests'"", "" '1 bedroom'"", "" '3 beds'"", "" '1 bath'"", "" '\\U000f0004\\n8 Reviews'"", "" '\\U000f0019\\nVerified']""]",6.0, '1 bedroom', '3 beds', '1 bath',1.0,3.0,1.0
278,Beautiful apartment with an exceptional location,Entire home,102.0,Edith,184,4.93,"['2 guests', '1 bedroom', '1 bed', '1 bath', '\U000f0004\n184 Reviews', '\U000f0019\nVerified']","[""['2 guests'"", "" '1 bedroom'"", "" '1 bed'"", "" '1 bath'"", "" '\\U000f0004\\n184 Reviews'"", "" '\\U000f0019\\nVerified']""]",2.0, '1 bedroom', '1 bed', '1 bath',1.0,1.0,1.0
279,Studio - Paris 13 - Place D'italie,Entire home,58.0,Yudish,33,3.82,"['2 guests', '1 bedroom', '1 bed', '1.5 baths', '\U000f0004\n33 Reviews']","[""['2 guests'"", "" '1 bedroom'"", "" '1 bed'"", "" '1.5 baths'"", "" '\\U000f0004\\n33 Reviews']""]",2.0, '1 bedroom', '1 bed', '1.5 baths',1.0,1.0,1.5
280,A FULLY private FLOOR WITH 6 ROOMS FOR 12 PEOPLE,Private room,400.0,Green Hotels Paris 13,16,4.31,"['12 guests', '6 bedrooms', '8 beds', '6 baths', '\U000f0004\n105 Reviews']","[""['12 guests'"", "" '6 bedrooms'"", "" '8 beds'"", "" '6 baths'"", "" '\\U000f0004\\n105 Reviews']""]",12.0, '6 bedrooms', '8 beds', '6 baths',6.0,8.0,6.0
281,Cosy appartment near Bastille - 484 ft2,Entire home,130.0,Vincent,233,4.81,"['4 guests', '1 bedroom', '2 beds', '1 bath', '\U000f0004\n451 Reviews', '\U000f0019\nVerified']","[""['4 guests'"", "" '1 bedroom'"", "" '2 beds'"", "" '1 bath'"", "" '\\U000f0004\\n451 Reviews'"", "" '\\U000f0019\\nVerified']""]",4.0, '1 bedroom', '2 beds', '1 bath',1.0,2.0,1.0
283,Superb bright and luxurious apt in Montogueil,Entire home,455.0,Alexia,18,4.11,"['8 guests', '3 bedrooms', '4 beds', '3 baths', '\U000f0004\n18 Reviews', '\U000f0019\nVerified']","[""['8 guests'"", "" '3 bedrooms'"", "" '4 beds'"", "" '3 baths'"", "" '\\U000f0004\\n18 Reviews'"", "" '\\U000f0019\\nVerified']""]",8.0, '3 bedrooms', '4 beds', '3 baths',3.0,4.0,3.0
284,City Center Beaubourg 1BD 6 people,Entire home,190.0,Gilian,266,4.76,"['6 guests', '1 bedroom', '3 beds', '1 bath', '\U000f0004\n1,555 Reviews', '\U000f1101\n1 Reference', '\U000f0019\nVerified']","[""['6 guests'"", "" '1 bedroom'"", "" '3 beds'"", "" '1 bath'"", "" '\\U000f0004\\n1"", ""555 Reviews'"", "" '\\U000f1101\\n1 Reference'"", "" '\\U000f0019\\nVerified']""]",6.0, '1 bedroom', '3 beds', '1 bath',1.0,3.0,1.0
285,Nice dupleix for 3,Room in boutique hotel,168.0,Villa Lutèce Port Royal,53,4.6,"['3 guests', '1 bedroom', '2 beds', '1 bath', '\U000f0004\n319 Reviews', '\U000f0019\nVerified']","[""['3 guests'"", "" '1 bedroom'"", "" '2 beds'"", "" '1 bath'"", "" '\\U000f0004\\n319 Reviews'"", "" '\\U000f0019\\nVerified']""]",3.0, '1 bedroom', '2 beds', '1 bath',1.0,2.0,1.0
286,Chambre calme chez l'habitant,Private room in apartment,65.0,Christophe,9,5.0,"['2 guests', '1 bedroom', '1 bed', '1 shared bath', '\U000f0004\n9 Reviews', '\U000f0019\nVerified']","[""['2 guests'"", "" '1 bedroom'"", "" '1 bed'"", "" '1 shared bath'"", "" '\\U000f0004\\n9 Reviews'"", "" '\\U000f0019\\nVerified']""]",2.0, '1 bedroom', '1 bed', '1 shared bath',1.0,1.0,1.0
287,A 25 sq.m studio in Canal St Martin area,Entire home,62.0,Nassima,353,4.54,"['2 guests', 'Studio', '1 bed', '1 bath', '\U000f0004\n540 Reviews', '\U000f0019\nVerified']","[""['2 guests'"", "" 'Studio'"", "" '1 bed'"", "" '1 bath'"", "" '\\U000f0004\\n540 Reviews'"", "" '\\U000f0019\\nVerified']""]",2.0, 'Studio', '1 bed', '1 bath',0.5,1.0,1.0
288,"❤Very close to Paris Center, authentic french area",Entire home,309.0,Cindy,61,4.85,"['8 guests', '3 bedrooms', '6 beds', '1 bath', '\U000f0004\n929 Reviews', '\U000f1101\n1 Reference', '\U000f0019\nVerified']","[""['8 guests'"", "" '3 bedrooms'"", "" '6 beds'"", "" '1 bath'"", "" '\\U000f0004\\n929 Reviews'"", "" '\\U000f1101\\n1 Reference'"", "" '\\U000f0019\\nVerified']""]",8.0, '3 bedrooms', '6 beds', '1 bath',3.0,6.0,1.0
290,"Notre Dame, Exceptional location (363)",Entire home,240.0,César Et Lucie,6,3.83,"['5 guests', '1 bedroom', '3 beds', '1.5 baths', '\U000f0004\n9 Reviews']","[""['5 guests'"", "" '1 bedroom'"", "" '3 beds'"", "" '1.5 baths'"", "" '\\U000f0004\\n9 Reviews']""]",5.0, '1 bedroom', '3 beds', '1.5 baths',1.0,3.0,1.5
291,Like a house near the Louvre/Opera - rooftop view,Entire home,122.0,Marine,20,4.6,"['6 guests', '3 bedrooms', '3 beds', '1 bath', '\U000f0004\n20 Reviews', '\U000f0019\nVerified']","[""['6 guests'"", "" '3 bedrooms'"", "" '3 beds'"", "" '1 bath'"", "" '\\U000f0004\\n20 Reviews'"", "" '\\U000f0019\\nVerified']""]",6.0, '3 bedrooms', '3 beds', '1 bath',3.0,3.0,1.0
292,Luxury 3 bedroom 2 bathroom Palace Apartment - AC,Entire home,858.0,Marie & Louis,62,4.85,"['8 guests', '3 bedrooms', '4 beds', '2.5 baths', '\U000f0004\n1,233 Reviews', '\U000f0019\nVerified']","[""['8 guests'"", "" '3 bedrooms'"", "" '4 beds'"", "" '2.5 baths'"", "" '\\U000f0004\\n1"", ""233 Reviews'"", "" '\\U000f0019\\nVerified']""]",8.0, '3 bedrooms', '4 beds', '2.5 baths',3.0,4.0,2.5
293,"Chambre ""rose""/appart.Vincennes",Private room in condominium,45.0,Jean-Michel,89,4.91,"['2 guests', '1 bedroom', '1 bed', '1 private bath', '\U000f0004\n161 Reviews', '\U000f0019\nVerified']","[""['2 guests'"", "" '1 bedroom'"", "" '1 bed'"", "" '1 private bath'"", "" '\\U000f0004\\n161 Reviews'"", "" '\\U000f0019\\nVerified']""]",2.0, '1 bedroom', '1 bed', '1 private bath',1.0,1.0,1.0
294,King of Saint-Lazare - XXI,Entire home,226.0,Ari,10,4.9,"['6 guests', '2 bedrooms', '3 beds', '2 baths', '\U000f0004\n1,392 Reviews', '\U000f0019\nVerified']","[""['6 guests'"", "" '2 bedrooms'"", "" '3 beds'"", "" '2 baths'"", "" '\\U000f0004\\n1"", ""392 Reviews'"", "" '\\U000f0019\\nVerified']""]",6.0, '2 bedrooms', '3 beds', '2 baths',2.0,3.0,2.0
295,Paris - Tours Eiffel - Disneyland 2,Private room in apartment,32.0,Didier,7,4.86,"['2 guests', '1 bedroom', '1 bed', '1 bath', '\U000f0004\n306 Reviews', '\U000f0019\nVerified']","[""['2 guests'"", "" '1 bedroom'"", "" '1 bed'"", "" '1 bath'"", "" '\\U000f0004\\n306 Reviews'"", "" '\\U000f0019\\nVerified']""]",2.0, '1 bedroom', '1 bed', '1 bath',1.0,1.0,1.0
296,Luxurious Flat - 2 Rooms - MontMartre & Lamarck,Entire home,141.0,Julia,8,4.13,"['6 guests', '1 bedroom', '3 beds', '1 bath', '\U000f0004\n8 Reviews', '\U000f0019\nVerified']","[""['6 guests'"", "" '1 bedroom'"", "" '3 beds'"", "" '1 bath'"", "" '\\U000f0004\\n8 Reviews'"", "" '\\U000f0019\\nVerified']""]",6.0, '1 bedroom', '3 beds', '1 bath',1.0,3.0,1.0
298,Beautiful apartment with an exceptional location,Entire home,102.0,Edith,184,4.93,"['2 guests', '1 bedroom', '1 bed', '1 bath', '\U000f0004\n184 Reviews', '\U000f0019\nVerified']","[""['2 guests'"", "" '1 bedroom'"", "" '1 bed'"", "" '1 bath'"", "" '\\U000f0004\\n184 Reviews'"", "" '\\U000f0019\\nVerified']""]",2.0, '1 bedroom', '1 bed', '1 bath',1.0,1.0,1.0
299,Studio - Paris 13 - Place D'italie,Entire home,58.0,Yudish,33,3.82,"['2 guests', '1 bedroom', '1 bed', '1.5 baths', '\U000f0004\n33 Reviews']","[""['2 guests'"", "" '1 bedroom'"", "" '1 bed'"", "" '1.5 baths'"", "" '\\U000f0004\\n33 Reviews']""]",2.0, '1 bedroom', '1 bed', '1.5 baths',1.0,1.0,1.5
300,A FULLY private FLOOR WITH 6 ROOMS FOR 12 PEOPLE,Private room,400.0,Green Hotels Paris 13,16,4.31,"['12 guests', '6 bedrooms', '8 beds', '6 baths', '\U000f0004\n105 Reviews']","[""['12 guests'"", "" '6 bedrooms'"", "" '8 beds'"", "" '6 baths'"", "" '\\U000f0004\\n105 Reviews']""]",12.0, '6 bedrooms', '8 beds', '6 baths',6.0,8.0,6.0
301,Cosy appartment near Bastille - 484 ft2,Entire home,130.0,Vincent,233,4.81,"['4 guests', '1 bedroom', '2 beds', '1 bath', '\U000f0004\n451 Reviews', '\U000f0019\nVerified']","[""['4 guests'"", "" '1 bedroom'"", "" '2 beds'"", "" '1 bath'"", "" '\\U000f0004\\n451 Reviews'"", "" '\\U000f0019\\nVerified']""]",4.0, '1 bedroom', '2 beds', '1 bath',1.0,2.0,1.0
